CID;Stĺpec1;pohlavie;Datum narodenia;Adress 1;State;Danovy domicil2
50014697;Ă‚n Dietzler;Mann;6.8.2001;66954 Pirmasens;Rheinland-Pfalz;SK
50014735;Ă‰mile Braendel;Mann;6.11.1941;41065 MĂ¶nchengladbach;Nordrhein-Westfalen;SK
50014651;Ăi Franzk;Frau;6.6.1956;21079 Hamburg Harburg;Hamburg;AT
50014784;AĂ§alya Straatmann;Frau;6.11.1940;23948 Moor-Rolofshagen;Mecklenburg-Vorpommern;DE
50014131;Abdelmadjed Lochschmidt;Mann;4.7.1994;15320 Sietzing;Brandenburg;AT
50014178;Abdourahamane Niklahs;Mann;4.10.1952;74376 Gemmrigheim;Baden-WĂĽrttemberg;AT
50014440;Abena Dixius;Frau;5.10.1972;99518 Schmiedehausen;ThĂĽringen;DE
50014465;Abu-Bakr Thierschmidt;Mann;5.11.1925;44649 Herne;Nordrhein-Westfalen;SK
50014749;Acacia Dicks;Frau;6.11.1972;29456 Hitzacker Harlingen;Niedersachsen;AT
50014628;Adda Cordier;Mann;6.6.1929;24245 Kirchbarkau;Schleswig-Holstein;AT
50014268;Addison Joehren;Mann;4.1.1929;15913 Leibchel;Brandenburg;DE
50014811;Adel-Aziz Buschmann;Mann;6.10.2007;63755 Alzenau in Unterfranken;Bayern;DE
50014614;Adile Schmiedchen;Frau;6.5.1952;24235 Wendtorf;Schleswig-Holstein;DE
50014035;Adriana-Stephania Neffe;Frau;3.3.1936;64560 Riedstadt;Hessen;DE
50014151;Adrien Schenk;Mann;4.8.1970;79879 Wutach;Baden-WĂĽrttemberg;SK
50014255;Adrijan Marquardsen;Mann;4.10.1997;24864 Goltoft;Schleswig-Holstein;SK
50014326;Afan Seithe;Mann;4.5.1972;90403 NĂĽrnberg;Bayern;DE
50014816;Aggelos Dempwolf;Mann;6.10.1980;6618 Utenbach;Sachsen-Anhalt;DE
50014164;Agutu Pepers;Frau;4.9.1997;83313 Siegsdorf;Bayern;SK
50014265;Agutu Ripsam;Frau;4.9.1969;54614 Niederlauch;Rheinland-Pfalz;DE
50014616;Ahlija Wollenschleger;Frau;6.5.1958;29459 Clenze Guhreitzen;Niedersachsen;DE
50014696;Ahmet Pritzkoleit;Mann;6.8.1994;99955 Blankenburg;ThĂĽringen;DE
50014479;Ahunna Wukasch;Frau;5.12.1941;56191 Weitersburg;Rheinland-Pfalz;DE
50014077;Achilles-George Eikholz;Mann;4.5.1994;17419 Kamminke;Mecklenburg-Vorpommern;AT
50014073;Aischa Schwarten;Frau;4.5.1941;66957 Eppenbrunn;Rheinland-Pfalz;SK
50014794;Akbar Schenka;Mann;6.11.1980;88179 Oberreute;Bayern;SK
50014181;Akelei Karlsson;Frau;4.10.1993;17419 Kamminke;Mecklenburg-Vorpommern;AT
50014262;Ako JĂ¶ntgens;Mann;4.9.1927;20251 Hamburg;Hamburg;AT
50014176;Al-Abedin Nieckel;Mann;4.10.1923;16321 Lindenberg;Brandenburg;DE
50014079;Alabedin Treykorn;Mann;4.5.2008;6528 Edersleben;Sachsen-Anhalt;AT
50014032;AladĂˇr Dahlkamp;Mann;3.2.1954;79540 LĂ¶rrach;Baden-WĂĽrttemberg;DE
50014459;Alban Kubiack;Mann;5.11.1968;74933 Neidenstein;Baden-WĂĽrttemberg;AT
50014037;Alegra Trabschuh;Frau;3.3.1959;29496 Waddeweitz Kiefen;Niedersachsen;DE
50014718;Aleksandar Jostl;Mann;6.10.1987;39615 KrĂĽden;Sachsen-Anhalt;DE
50014482;Alexeevna Rullof;Frau;5.12.1973;93077 Bad Abbach;Bayern;SK
50014101;Alexei Esskuche;Mann;4.6.1956;71404 Korb;Baden-WĂĽrttemberg;SK
50014797;Alfadl Forstmann;Mann;6.11.2007;64380 RoĂźdorf;Hessen;DE
50014272;Alicia Wurstius;Frau;4.1.2000;15754 Gussow;Brandenburg;DE
50014253;Alin Gerstmaier;Frau;4.10.1968;18239 Satow;Mecklenburg-Vorpommern;SK
50014751;Alina Petrascheck;Frau;6.11.1984;7952 VogtlĂ¤ndisches Oberland;Sachsen;SK
50014776;Alix KrĂĽttgen;Frau;6.12.1993;23827 Krems II;Schleswig-Holstein;AT
50014575;Alois Nakajima;Mann;5.4.1920;14641 Bergerdamm;Brandenburg;DE
50014111;Altair Suleiman;Mann;4.6.1951;79367 Weisweil;Baden-WĂĽrttemberg;SK
50014659;Alvin Mattheiss;Mann;6.7.2009;67742 Heinzenhausen;Rheinland-Pfalz;DE
50014390;Alysea KlaiĂź;Frau;5.7.1991;61138 Niederdorfelden;Hessen;SK
50014205;AĹźir Pietrasz;Mann;4.12.2001;1609 GrĂ¶ditz;Sachsen;SK
50014273;Amadeu WĂĽrtenberger;Mann;4.1.1944;55595 Roxheim;Rheinland-Pfalz;SK
50014267;Amadou Siodlaczek;Mann;4.1.1924;25746 Ostrohe;Schleswig-Holstein;AT
50014212;Amali Simeit;Frau;4.12.2004;91332 Heiligenstadt;Bayern;SK
50014163;Amalija Jostes;Frau;4.9.1994;22049 Hamburg;Hamburg;DE
50014818;Amanda Worobiec;Frau;6.10.1994;6648 Tromsdorf;Sachsen-Anhalt;SK
50014501;Amari Bertling;Frau;5.11.1926;96158 Frensdorf;Bayern;DE
50014527;Amedzro Shibata;Frau;5.10.1962;26345 Bockhorn Petersgroden;Niedersachsen;DE
50014486;Amiel DĂ¶rffling;Frau;5.12.1983;30179 Hannover;Niedersachsen;DE
50014121;Amin SĂ¶ntgerath;Mann;4.7.1920;56332 Brodenbach;Rheinland-Pfalz;AT
50014427;Amponsah Kratofil;Frau;5.8.2009;6295 Burgsdorf;Sachsen-Anhalt;AT
50014182;Anele Kaczmirek;Frau;4.10.2003;45136 Essen;Nordrhein-Westfalen;DE
50014204;Angelin Bernatova;Frau;4.12.1991;72461 Albstadt;Baden-WĂĽrttemberg;SK
50014550;Angelin SueĂźemilch;Frau;5.2.1934;24994 Osterby;Schleswig-Holstein;DE
50014382;Angelique-Sophie Vorbrot;Frau;5.6.2003;7570 Steinsdorf;ThĂĽringen;AT
50014373;Angsumalin BrunĂźen;Frau;5.6.1939;29496 Waddeweitz GroĂź Gaddau;Niedersachsen;DE
50014632;Aniekan Wulffen;Mann;6.6.1981;21521 AumĂĽhle;Schleswig-Holstein;DE
50014790;AnikĂł Janhsen;Frau;6.11.2006;56459 Stockum-PĂĽschen;Rheinland-Pfalz;SK
50014397;Anila Hettkamp;Frau;5.7.1941;89447 ZĂ¶schingen;Bayern;DE
50014525;Anjuli HĂ¶fkens;Frau;5.10.1948;29597 Stoetze;Niedersachsen;AT
50014799;Anna Herbst;Mann;6.10.1932;97241 Oberpleichfeld;Bayern;SK
50014691;Anna-Josephine CloĂźen;Frau;6.8.1934;56472 Hahn bei Marienberg;Rheinland-Pfalz;DE
50014027;Anneli Gruenewaldt;Frau;3.2.1978;94149 KĂ¶Ăźlarn;Bayern;AT
50014143;Annette Sonnleithner;Frau;4.8.2008;6268 Nemsdorf-GĂ¶hrendorf;Sachsen-Anhalt;DE
50014323;Ann-MickaĂ«lla Kern;Frau;4.4.2004;39517 Ringfurth;Sachsen-Anhalt;DE
50014063;Anouk Heinzle;Mann;3.5.1956;21398 Neetze;Niedersachsen;DE
50014096;Antonijo Kastory;Mann;4.6.1940;6780 Sandersdorf;Sachsen-Anhalt;SK
50014689;Antoniya Kaymakci;Frau;6.8.1946;42113 Wuppertal;Nordrhein-Westfalen;SK
50014808;Appiah SchnĂ¶ckel;Frau;6.10.1941;53819 Neunkirchen-Seelscheid;Nordrhein-Westfalen;DE
50014219;Aquila GroĂźheider;Frau;4.12.1972;19258 Wiebendorf;Mecklenburg-Vorpommern;AT
50014822;Arabea Baldzer;Frau;6.1.1959;16259 Heckelberg-Brunow Heckelberg;Brandenburg;AT
50014080;Arasan Vassileva;Mann;4.5.2008;47053 Duisburg;Nordrhein-Westfalen;AT
50014059;Arda Gernoth;Mann;3.5.1955;59399 Olfen;Nordrhein-Westfalen;SK
50014247;Arda von Schimonsky;Mann;4.10.1987;50259 Pulheim;Nordrhein-Westfalen;SK
50014370;Arek SchĂ¶tzigk;Mann;5.6.1923;32257 BĂĽnde;Nordrhein-Westfalen;AT
50014561;Ario Johnstone;Mann;5.2.1963;56746 Kempenich;Rheinland-Pfalz;DE
50014618;Ario von Manteuffel;Mann;6.5.1949;54518 Sehlem;Rheinland-Pfalz;AT
50014235;Armando Kurts;Mann;4.11.1978;6905 Meuro;Sachsen-Anhalt;AT
50014423;Artd Sommerlot;Mann;5.8.1956;82445 Schwaigen;Bayern;DE
50014329;Arton Sesli;Mann;4.5.2007;7646 Renthendorf;ThĂĽringen;SK
50014528;Artyom Schotte;Mann;5.10.1976;49459 Lembruch;Niedersachsen;SK
50014114;Aryaam KleeĂźen;Frau;4.7.1942;7973 Greiz;ThĂĽringen;SK
50014426;Asena Quasbarth;Frau;5.8.1979;18249 Bernitt;Mecklenburg-Vorpommern;SK
50014524;Aseye Miebs;Frau;5.10.1944;19057 Schwerin;Mecklenburg-Vorpommern;SK
50014115;Asja HĂ¶rstkamp;Frau;4.7.1951;56357 Kasdorf;Rheinland-Pfalz;AT
50014094;Asmar Dicks;Mann;4.6.1978;25495 Kummerfeld;Schleswig-Holstein;SK
50014062;Assaley Geissendorf;Frau;3.5.2006;56316 Hanroth;Rheinland-Pfalz;DE
50014295;ĂŠvgenoviÄŤ Krautschick;Mann;4.3.1962;56729 Lind;Rheinland-Pfalz;SK
50014552;Atanas Dinckel;Mann;5.2.1967;37115 Duderstadt;Niedersachsen;SK
50014330;Atari Fuerstmann;Mann;4.5.1929;18334 Bad SĂĽlze;Mecklenburg-Vorpommern;DE
50014237;AteĹź Wilss;Mann;4.11.1923;24392 Scheggerott;Schleswig-Holstein;SK
50014239;Atta Kowol;Mann;4.11.1956;17039 Warlin;Mecklenburg-Vorpommern;SK
50014049;AurĂ©lien Christionat;Mann;3.4.1974;9306 Zettlitz;Sachsen;SK
50014070;Avesta PreuĂźner;Frau;4.12.1986;17089 Breest;Mecklenburg-Vorpommern;SK
50014074;Awsaim GĂ¶dde;Mann;4.5.1948;34628 Willingshausen;Hessen;DE
50014355;AydÄ±n Widemann;Mann;5.6.1935;6502 Warnstedt;Sachsen-Anhalt;AT
50014531;AyĹźegĂĽl BrathĂ¤rig;Frau;5.9.1937;66887 Elzweiler;Rheinland-Pfalz;SK
50014584;Ayman Buschmann;Mann;5.4.1934;22043 Hamburg Tonndorf;Hamburg;DE
50014499;Ayo Gutzlaff;Frau;5.11.1993;56305 DĂ¶ttesfeld;Rheinland-Pfalz;DE
50014535;AysegĂĽl Paulat;Frau;5.9.1964;15518 Rauen;Brandenburg;SK
50014722;Aziz Hampele;Mann;6.10.1943;8352 Markersbach;Sachsen;AT
50014705;Äáş·ng Kollorz;Frau;6.8.1971;64390 Erzhausen;Hessen;AT
50014602;Äuc Nausedat;Mann;5.5.1992;86742 Fremdingen;Bayern;AT
50014795;Bach Cloppenburg;Mann;6.11.2002;6425 Belleben;Sachsen-Anhalt;SK
50014431;Baigal Mikeit;Frau;5.9.1990;91161 Hilpoltstein;Bayern;SK
50014380;Balkis Brinckmeier;Frau;5.6.1965;39434 Hecklingen bei StaĂźfurt;Sachsen-Anhalt;SK
50014278;Baptist Glatzmaier;Mann;4.1.1987;31177 Harsum;Niedersachsen;SK
50014568;Barnabas DĂ¶rfler;Mann;5.3.1964;1561 Priestewitz;Sachsen;AT
50014505;Barry Bartholmai;Mann;5.11.1949;67466 Lambrecht;Rheinland-Pfalz;SK
50014149;Basit Hanss;Mann;4.8.1951;16278 Wolletz;Brandenburg;DE
50014781;Bassam Sicklinger;Mann;6.11.1929;6542 Nienstedt;Sachsen-Anhalt;AT
50014801;Bedran-Isa RothschĂ¤dl;Mann;6.10.1947;54472 Monzelfeld;Rheinland-Pfalz;AT
50014025;Bengt Kamphues;Mann;3.1.2008;47627 Kevelaer;Nordrhein-Westfalen;SK
50014019;Bente Kurzbein;Frau;3.1.1965;96178 Pommersfelden;Bayern;DE
50014394;Beria MĂ¤rtensson;Frau;5.7.1956;42553 Velbert;Nordrhein-Westfalen;AT
50014132;Bhavnoor KlaĂźmeier;Frau;4.7.2000;70192 Stuttgart Feuerbach;Baden-WĂĽrttemberg;AT
50014290;Biana Ereth;Frau;4.3.1980;24241 Schmalstede;Schleswig-Holstein;AT
50014282;Biljana Kreickemeier;Frau;4.2.1936;57319 Bad Berleburg SchĂĽllar;Nordrhein-Westfalen;SK
50014647;Billie Voigtel;Mann;6.6.2009;86609 DonauwĂ¶rth;Bayern;DE
50014124;Bilyanov Wallkamp;Mann;4.7.1995;38836 Anderbeck;Sachsen-Anhalt;SK
50014764;Blane WĂ¶tzel;Mann;6.12.1955;15528 GrĂĽnheide (Mark);Brandenburg;AT
50014230;Bobbie SchnĂ¶ll;Frau;4.11.1924;38259 Salzgitter GroĂź Mahner;Niedersachsen;DE
50014725;Boris Kohlstrung;Mann;6.10.1927;17217 Klein Lukow;Mecklenburg-Vorpommern;SK
50014546;Bouchra KĂĽmmell;Frau;5.1.1993;16845 Zernitz-Lohm;Brandenburg;SK
50014409;Bowman Waldbauer;Mann;5.7.1978;1156 Dresden Altfranken;Sachsen;SK
50014596;Boyko EitemĂĽller;Mann;5.5.2005;78598 KĂ¶nigsheim;Baden-WĂĽrttemberg;AT
50014661;Bozhankeva Meussgeyer;Frau;6.7.1945;49406 Barnstorf;Niedersachsen;SK
50014500;Brayden Niclauss;Mann;5.11.1994;26452 Sande;Niedersachsen;AT
50014554;Brooklyn Hofnagel;Mann;5.2.1931;72070 TĂĽbingen;Baden-WĂĽrttemberg;AT
50014028;Bruna Niegerl;Frau;3.2.1989;14165 Berlin;Berlin;SK
50014679;Brusk Naeher;Mann;6.7.1927;15910 Kuschkow;Brandenburg;DE
50014788;Bubakar Mattheisen;Mann;6.11.1993;14715 Stechow-Ferchesar;Brandenburg;SK
50014391;Caitlynn Hehrhold;Frau;5.7.1934;18573 Rambin;Mecklenburg-Vorpommern;SK
50014615;Calliope Heinricht;Frau;6.5.1955;79258 Hartheim;Baden-WĂĽrttemberg;SK
50014072;Carmelo Brinkkemper;Mann;4.5.1920;17099 Genzkow;Mecklenburg-Vorpommern;SK
50014613;Carmen Pollag;Frau;6.5.1946;56865 Schauren;Rheinland-Pfalz;DE
50014056;Carmilla Lux;Frau;3.5.1930;17153 Ritzerow;Mecklenburg-Vorpommern;DE
50014140;Carus Rover;Mann;4.8.1937;27383 ScheeĂźel;Niedersachsen;SK
50014806;Casimira HazenfuĂź;Frau;6.10.1931;60599 Frankfurt am Main;Hessen;DE
50014421;Cassius KĂ¤ser;Mann;5.8.1991;56379 Holzappel;Rheinland-Pfalz;AT
50014263;Castro Fitzel;Mann;4.9.1939;4626 GĂ¶llnitz;ThĂĽringen;DE
50014774;Catherine Goldberger;Frau;6.12.1970;6268 WeiĂźenschirmbach;Sachsen-Anhalt;AT
50014736;Cederic Loomann;Mann;6.11.1964;1189 Dresden;Sachsen;SK
50014183;Celiya Steinheuer;Frau;4.10.1930;53506 Kesseling;Rheinland-Pfalz;AT
50014184;Civan Wienhardt;Mann;4.10.1932;90599 Dietenhofen;Bayern;DE
50014046;Cloe Marschalk;Frau;3.4.1958;56321 Rhens;Rheinland-Pfalz;DE
50014031;Clotilde Balszus;Frau;3.2.1949;53520 Winnerath;Rheinland-Pfalz;DE
50014166;Conner RoĂźteuscher;Mann;4.9.1960;21698 Harsefeld;Niedersachsen;SK
50014202;Conny Eppelt;Frau;4.12.1932;17217 Puchow;Mecklenburg-Vorpommern;DE
50014645;Corwin JĂ¤n;Mann;6.6.1976;7557 Hundhaupten;ThĂĽringen;DE
50014772;Cuong Heydtmann;Mann;6.12.1922;36142 Tann;Hessen;SK
50014821;Dafina-Medina FromĂĽller;Frau;6.1.1943;22769 Hamburg Stellingen;Hamburg;DE
50014475;Dagur Sternbergs;Mann;5.12.2000;4936 Lebusa;Brandenburg;AT
50014308;Damir Dargatsch;Mann;4.4.1933;24119 Kronshagen;Schleswig-Holstein;DE
50014246;Danes MĂ¤rtel;Mann;4.10.1970;63939 WĂ¶rth am Main;Bayern;AT
50014092;Daniel ZĂ¤ngerlein;Mann;4.6.1975;67368 Westheim;Rheinland-Pfalz;DE
50014240;Dara Gencel;Mann;4.11.1976;99834 LauchrĂ¶den;ThĂĽringen;SK
50014695;Dardan Nys;Mann;6.8.1986;7616 Nausnitz;ThĂĽringen;DE
50014241;Darin Lenarz;Mann;4.11.1988;26506 Norden SĂĽderneuland I;Niedersachsen;AT
50014416;Darine Nagelschmitt;Frau;5.8.1970;54587 Lissendorf;Rheinland-Pfalz;SK
50014437;Dáş·ng Gutberlett;Mann;5.10.1921;17209 Massow;Mecklenburg-Vorpommern;SK
50014284;Davida Kutlucan;Frau;4.2.1958;19288 GĂ¶hlen;Mecklenburg-Vorpommern;AT
50014762;David-Eremia Grimmig;Mann;6.12.1949;72531 Hohenstein Ă–denwaldstetten;Baden-WĂĽrttemberg;DE
50014226;Davio VĂ¶lckert;Mann;4.11.1986;59929 Brilon;Nordrhein-Westfalen;AT
50014359;DaynĂ©e Hardtmann;Frau;5.6.1920;65582 Diez;Rheinland-Pfalz;DE
50014349;Dayyan KrautkrĂ¤mer;Mann;5.5.1985;25560 Warringholz;Schleswig-Holstein;SK
50014054;DÄng Haberkern;Mann;3.4.1993;82497 Unterammergau;Bayern;AT
50014319;Defne Bartle;Frau;4.4.1978;10555 Berlin;Berlin;SK
50014446;DejesĂşs KĂĽttenbaum;Mann;5.10.1945;93339 Riedenburg;Bayern;SK
50014484;Delena Poggenburg;Frau;5.12.1932;48477 HĂ¶rstel;Nordrhein-Westfalen;AT
50014548;Delmar KĂ¶lblin;Mann;5.2.1921;21079 Hamburg Sinstorf;Hamburg;DE
50014332;Delnaz Neumaier;Frau;4.5.1939;4179 Leipzig;Sachsen;DE
50014161;Demarco Polozek;Mann;4.9.1967;72461 Albstadt;Baden-WĂĽrttemberg;AT
50014301;Denby Schwarzing;Mann;4.4.1923;97849 Roden;Bayern;AT
50014778;Deniz Weinzirl;Mann;6.12.1974;18519 Horst;Mecklenburg-Vorpommern;AT
50014305;Denman Rotkopf;Mann;4.4.1989;33824 Werther;Nordrhein-Westfalen;DE
50014292;Derman Kotter;Mann;4.3.2002;21483 Juliusburg;Schleswig-Holstein;SK
50014716;Devin-Pascal KĂĽffner;Mann;6.10.1928;55234 Flomborn;Rheinland-Pfalz;SK
50014585;Diamon Kreeft;Frau;5.4.1981;7778 Hainichen;ThĂĽringen;AT
50014120;Dilfiraz Halfbrodt;Frau;4.7.2007;74523 SchwĂ¤bisch Hall;Baden-WĂĽrttemberg;SK
50014595;Dilsher Folgmann;Mann;5.5.1996;21217 Seevetal;Niedersachsen;SK
50014576;Diste BrĂ¶ckemeier;Mann;5.4.1921;6682 Nessa;Sachsen-Anhalt;DE
50014563;Djibril Amendt;Mann;5.2.1972;56154 Boppard;Rheinland-Pfalz;SK
50014494;Dobromirova Hoffmans;Frau;5.11.1998;15236 Treplin;Brandenburg;DE
50014105;Domenick-Jaden Korthum;Mann;4.6.1989;88527 Unlingen;Baden-WĂĽrttemberg;AT
50014030;Donatus Rohlwink;Mann;3.2.1934;31737 Rinteln KohlenstĂ¤dt;Niedersachsen;DE
50014364;Donev Gruenenthal;Mann;5.6.1978;54441 Kastel-Staadt;Rheinland-Pfalz;SK
50014559;Dora Silvester;Frau;5.2.1958;53937 Schleiden;Nordrhein-Westfalen;AT
50014737;Doruk Kreitmeyr;Mann;6.11.1968;17111 Teusin;Mecklenburg-Vorpommern;SK
50014686;Duong GrĂĽneweg;Mann;6.7.1966;1833 DĂĽrrrĂ¶hrsdorf-Dittersbach;Sachsen;SK
50014106;Duy Zinkgraef;Mann;4.6.1924;14550 Schmergow;Brandenburg;AT
50014704;Dyo Opperman;Frau;6.8.1957;66450 Bexbach;Saarland;AT
50014058;Ebbo Haupers;Mann;3.5.1936;97792 Riedenberg;Bayern;SK
50014069;Ebenezer Prentel;Mann;4.12.1972;39638 KlĂĽden;Sachsen-Anhalt;SK
50014698;Ebot Grausam;Mann;6.8.2002;56220 Bassenheim;Rheinland-Pfalz;AT
50014271;Ecir Scholaster;Mann;4.1.1984;14715 Milow;Brandenburg;SK
50014353;Eddine Hornung;Mann;5.5.1999;25572 Ecklak;Schleswig-Holstein;DE
50014731;Edoardo Scholtisseck;Mann;6.10.2000;49429 Visbek;Niedersachsen;DE
50014188;Edon Brokemper;Mann;4.11.1941;6528 BrĂĽcken;Sachsen-Anhalt;SK
50014594;Eduard Schlichthaar;Mann;5.5.1968;39517 Wenddorf;Sachsen-Anhalt;AT
50014738;Edwin Leydecker;Mann;6.11.1974;61191 Rosbach vor der HĂ¶he Nieder-Rosbach;Hessen;SK
50014261;Edwin-Linus Stoecke;Mann;4.10.2005;15898 Neuzelle Neuzelle;Brandenburg;DE
50014556;Eiji GleĂźner;Mann;5.2.1945;23795 GroĂź RĂ¶nnau;Schleswig-Holstein;SK
50014318;Einar KĂĽble;Mann;4.4.1974;39291 Drewitz;Sachsen-Anhalt;DE
50014793;Elaf Joneck;Frau;6.11.1947;7806 Neustadt an der Orla;ThĂĽringen;SK
50014209;Eleonorov Kalchbrenner;Mann;4.12.1962;97996 Niederstetten;Baden-WĂĽrttemberg;DE
50014242;Eleysa Michalko;Frau;4.11.1993;98596 Trusetal;ThĂĽringen;DE
50014746;Elchanan Kovaleva;Mann;6.11.1992;91230 Happurg;Bayern;AT
50014630;Elias-Krishna Pechtl;Mann;6.6.1937;29416 Kerkau;Sachsen-Anhalt;DE
50014750;Elienne-Diva Reuters;Frau;6.11.1973;55437 Ober-Hilbersheim;Rheinland-Pfalz;SK
50014118;Elin RocktĂ¤schl;Frau;4.7.1983;6791 MĂ¶hlau;Sachsen-Anhalt;AT
50014476;Eliud Schuerer;Mann;5.12.1974;6895 Rahnsdorf;Sachsen-Anhalt;AT
50014673;Elize Matterne;Frau;6.7.1935;29496 Waddeweitz Bischof;Niedersachsen;SK
50014185;Ellinor Bal;Frau;4.10.1969;20359 Hamburg;Hamburg;DE
50014229;Elouise von der Gruen;Frau;4.11.2002;6295 Dederstedt;Sachsen-Anhalt;SK
50014334;Elsadig Tollsdorf;Frau;4.5.1978;58644 Iserlohn;Nordrhein-Westfalen;DE
50014338;Elvisa Pawlowa;Frau;4.5.2005;19357 Dambeck;Mecklenburg-Vorpommern;AT
50014454;Elyas JĂĽsten;Mann;5.10.1929;99869 Pferdingsleben;ThĂĽringen;AT
50014346;Emelie-Sophie Buksbaum;Frau;5.5.1985;72175 Dornhan;Baden-WĂĽrttemberg;SK
50014395;Emilio Janacek;Mann;5.7.1972;22041 Hamburg Wandsbek;Hamburg;AT
50014236;Emily-Leah Frickenschmidt;Frau;4.11.1998;24894 Twedt;Schleswig-Holstein;DE
50014384;Emmerik SĂ¤tteli;Mann;5.7.1925;65760 Eschborn;Hessen;AT
50014171;Engel Nowitzki;Frau;4.10.1953;72124 Pliezhausen;Baden-WĂĽrttemberg;DE
50014804;Enhar Westerheider;Mann;6.10.1928;54570 Salm;Rheinland-Pfalz;AT
50014385;Enila Hoseus;Frau;5.7.1942;91541 Rothenburg ob der Tauber;Bayern;SK
50014721;Enjei Xeller;Frau;6.10.1943;4460 Kitzen;Sachsen;DE
50014283;Enok Timmerhans;Mann;4.2.1945;4539 Groitzsch;Sachsen;DE
50014678;Entissar Boumann;Frau;6.7.1923;27726 Worpswede;Niedersachsen;SK
50014625;Erda Lucashen;Frau;6.5.1980;34359 Reinhardshagen;Hessen;SK
50014783;ErgĂĽn Schurer;Mann;6.11.2004;26553 Dornum Westerbur;Niedersachsen;AT
50014760;Erjona Hauks;Frau;6.12.1934;39118 Magdeburg;Sachsen-Anhalt;DE
50014228;Ernest Lindlmair;Mann;4.11.1991;29481 Karwitz Lenzen;Niedersachsen;SK
50014129;Eun Mattias;Frau;4.7.2000;4179 Leipzig;Sachsen;DE
50014297;Evander Bierwirtz;Mann;4.3.1965;67714 Waldfischbach-Burgalben;Rheinland-Pfalz;AT
50014580;Evelin Freier;Frau;5.4.1964;39167 Niederndodeleben;Sachsen-Anhalt;DE
50014752;Evelina Zirn;Frau;6.11.1986;39596 Jarchau;Sachsen-Anhalt;AT
50014588;Evsa LĂ¶schl;Frau;5.4.1958;85114 Buxheim;Bayern;DE
50014683;EyĂĽphan Fritzhanns;Mann;6.7.1944;88433 Schemmerhofen;Baden-WĂĽrttemberg;AT
50014702;Fabrizijo Diethert;Mann;6.8.2000;91725 Ehingen;Bayern;AT
50014779;Fadi-Francesco Goroll;Mann;6.12.1987;79694 Utzenfeld;Baden-WĂĽrttemberg;SK
50014210;Fahad Arntsen;Mann;4.12.2004;36287 Breitenbach am Herzberg;Hessen;SK
50014110;Fahd Kuhlemann;Mann;4.6.1949;91054 Erlangen;Bayern;DE
50014626;Faina Altmiler;Frau;6.5.1983;42287 Wuppertal;Nordrhein-Westfalen;SK
50014084;Faisal Wullkop;Frau;4.5.1933;90429 NĂĽrnberg;Bayern;SK
50014194;Faissal Buttkus;Mann;4.11.1989;47495 Rheinberg;Nordrhein-Westfalen;DE
50014472;Faizah Urbeinczyk;Frau;5.12.1965;6408 GrĂ¶na;Sachsen-Anhalt;DE
50014542;Famara Meierkord;Frau;5.1.1924;99762 Herrmannsacker;ThĂĽringen;AT
50014336;FatÄ±matuzehra Klobes;Frau;4.5.1987;24875 Havetoftloit;Schleswig-Holstein;SK
50014652;Favilli Bartens;Mann;6.6.1973;14778 Jeserig;Brandenburg;SK
50014810;Fedalina Hardke;Frau;6.10.2003;55424 MĂĽnster-Sarmsheim;Rheinland-Pfalz;DE
50014104;Feelin HĂ¤rting;Frau;4.6.1982;30171 Hannover;Niedersachsen;SK
50014512;Felian Drissen;Mann;5.10.1979;32105 Bad Salzuflen;Nordrhein-Westfalen;AT
50014043;Feliyah-Nur Schoenmeyer;Frau;3.3.1924;35279 Neustadt (Hessen);Hessen;AT
50014536;Feliz Teigeler;Frau;5.9.1975;74076 Heilbronn;Baden-WĂĽrttemberg;SK
50014169;Felizitas Runke;Frau;4.9.1997;86551 Aichach;Bayern;AT
50014770;Fenia Brendl;Frau;6.12.1996;6667 Uichteritz;Sachsen-Anhalt;AT
50014732;Feryal Nehmeier;Frau;6.10.2007;67583 Guntersblum;Rheinland-Pfalz;DE
50014113;Fetzo Guggenmoser;Mann;4.6.1979;85737 Ismaning;Bayern;SK
50014256;Fiete Leinweber;Frau;4.10.2008;37339 Breitenworbis;ThĂĽringen;SK
50014827;Fina Martin;Frau;6.1.1984;8527 Plauen;Sachsen;SK
50014461;Finja Jonckheere;Frau;5.11.1931;31715 Meerbeck;Niedersachsen;DE
50014018;Fiona Weckmueller;Frau;3.1.1962;56132 Miellen;Rheinland-Pfalz;DE
50014624;Fitzgerald Linnenkugel;Mann;6.5.1977;67098 Bad DĂĽrkheim;Rheinland-Pfalz;AT
50014393;Fivos Hadamczyk;Mann;5.7.1952;76777 Neupotz;Rheinland-Pfalz;DE
50014666;Flinn Vorholz;Mann;6.7.1983;56588 Waldbreitbach;Rheinland-Pfalz;SK
50014754;Florentine Ditmann;Mann;6.11.1994;26409 Wittmund Leerhafe;Niedersachsen;SK
50014463;Floribella Traudmann;Frau;5.11.1969;37318 Lindewerra;ThĂĽringen;AT
50014644;Fouad Janetschek;Mann;6.6.1972;97647 Nordheim vor der RhĂ¶n;Bayern;DE
50014544;FranĂ§ois Koehne;Mann;5.1.1957;86653 Daiting;Bayern;SK
50014574;Francis Nikkeleit;Frau;5.3.1967;39435 Wolmirsleben;Sachsen-Anhalt;AT
50014469;Franck Koler;Mann;5.11.2001;77756 Hausach;Baden-WĂĽrttemberg;DE
50014780;Franco Weisser;Mann;6.12.2001;87659 Hopferau;Bayern;DE
50014076;Frederice Behrns;Frau;4.5.1990;39606 Boock;Sachsen-Anhalt;SK
50014208;Frenja Gajevski;Frau;4.12.1938;3130 Spremberg;Brandenburg;DE
50014510;Furaha Stockinger;Frau;5.10.1947;75397 Simmozheim;Baden-WĂĽrttemberg;AT
50014442;Fynn-Lucas Diettrich;Mann;5.10.1974;6246 Delitz am Berge;Sachsen-Anhalt;DE
50014087;Galip Driehsen;Mann;4.5.1999;7819 Geroda;ThĂĽringen;DE
50014530;GĂĽlbahar Schmidbauer;Frau;5.9.1926;76139 Karlsruhe;Baden-WĂĽrttemberg;SK
50014403;Geras Eppel;Mann;5.7.1968;30451 Hannover;Niedersachsen;AT
50014179;Gerd Groenendal;Mann;4.10.1977;25856 Hattstedtermarsch;Schleswig-Holstein;DE
50014744;Gerd Lohhuber;Mann;6.11.1980;86833 Ettringen;Bayern;AT
50014481;Getrud JĂĽstl;Frau;5.12.1971;6571 Nausitz;ThĂĽringen;AT
50014017;Ghina Haehn;Frau;3.1.1941;38274 Elbe;Niedersachsen;SK
50014665;Gideon Servatius;Mann;6.7.1982;29468 Bergen (Dumme) Banzau;Niedersachsen;DE
50014509;GintarÄ— Bruchschmidt;Frau;5.10.1930;26169 Friesoythe;Niedersachsen;SK
50014439;Giotto Gutberlett;Mann;5.10.1960;70191 Stuttgart;Baden-WĂĽrttemberg;AT
50014408;Girolamo Gehrcken;Mann;5.7.1967;63683 Ortenberg;Hessen;DE
50014726;Giuliano Krausmann;Mann;6.10.1942;56291 Utzenhain;Rheinland-Pfalz;AT
50014376;Givan Richardt;Mann;5.6.1996;16278 Herzsprung;Brandenburg;DE
50014098;Gjorgi GĂ¶ttlein;Mann;4.6.2007;8349 Erlabrunn;Sachsen;DE
50014320;Gloriousvirtue Nothof;Frau;4.4.1984;88524 Uttenweiler;Baden-WĂĽrttemberg;AT
50014436;Gor Kowalik;Mann;5.9.1985;91282 Betzenstein;Bayern;SK
50014352;Graham Messerschmied;Mann;5.5.1971;29459 Clenze Kussebode;Niedersachsen;SK
50014122;Gregory Karlbauer;Mann;4.7.1931;56865 Schauren;Rheinland-Pfalz;AT
50014692;Gunda BraukĂ¤mper;Frau;6.8.1935;55469 Pleizenhausen;Rheinland-Pfalz;AT
50014529;Gustav Schlotfeld;Mann;5.10.1994;6785 Horstdorf;Sachsen-Anhalt;DE
50014243;Gustaw Clarke;Mann;4.11.1998;66625 Nohfelden;Saarland;DE
50014109;HĂ©lĂ¨ne GĂĽnderth;Frau;4.6.1924;6667 Prittitz;Sachsen-Anhalt;SK
50014405;Hai Herholt;Mann;5.7.1982;86444 Affing;Bayern;SK
50014299;Halaa Klingor;Frau;4.3.1989;27432 Ebersdorf;Niedersachsen;SK
50014306;Hale Dorpmund;Frau;4.4.1994;6502 Neinstedt;Sachsen-Anhalt;SK
50014289;Halig GeiĂźendorf;Mann;4.3.1980;26529 Rechtsupweg;Niedersachsen;AT
50014090;Halina GrĂĽĂźhaber;Frau;4.5.1987;53547 Dattenberg;Rheinland-Pfalz;SK
50014150;Haluk Seidlein;Mann;4.8.1956;93161 Sinzing;Bayern;SK
50014156;Ha-Min Trauthmann;Mann;4.9.1923;29465 Schnega Schnega/Bahnhof;Niedersachsen;DE
50014371;Hamsa Papenheinrich;Mann;5.6.1924;56281 Karbach;Rheinland-Pfalz;AT
50014675;Hanan Nehles;Frau;6.7.1961;91602 DĂĽrrwangen;Bayern;SK
50014557;Hani Brockmann;Mann;5.2.1948;26389 Wilhelmshaven;Niedersachsen;SK
50014071;Hansen BĂ¤uerle;Mann;4.12.1998;17089 Bartow;Mecklenburg-Vorpommern;DE
50014396;Hanyel GĂĽtzlag;Mann;5.7.1986;92331 Lupburg;Bayern;SK
50014233;Haoxin Andruleit;Mann;4.11.1943;88444 Ummendorf;Baden-WĂĽrttemberg;AT
50014782;Hardy Roesel;Mann;6.11.1949;56379 Obernhof;Rheinland-Pfalz;DE
50014085;HatiĂ§e Gruenbauer;Frau;4.5.1967;49584 FĂĽrstenau;Niedersachsen;SK
50014742;Haticenur Berweiler;Frau;6.11.1999;6648 Burgholzhausen;Sachsen-Anhalt;SK
50014466;Haticenur Koehl;Frau;5.11.1928;25795 Weddingstedt;Schleswig-Holstein;AT
50014807;Hauraa Aydogan;Frau;6.10.1938;3053 Cottbus;Brandenburg;AT
50014392;Haylee BerkmĂĽller;Frau;5.7.1938;79115 Freiburg im Breisgau;Baden-WĂĽrttemberg;SK
50014339;Heinz FrĂ¶schlein;Mann;4.5.2008;91365 Weilersbach;Bayern;DE
50014038;Helat Schann;Mann;3.3.1961;17506 Gribow;Mecklenburg-Vorpommern;DE
50014473;Heleen Osterhuber;Frau;5.12.1985;94574 Wallerfing;Bayern;AT
50014648;Hermia Maehder;Frau;6.6.1922;70327 Stuttgart Hedelfingen;Baden-WĂĽrttemberg;SK
50014139;Hesham Vith;Mann;4.8.1933;17491 Greifswald;Mecklenburg-Vorpommern;DE
50014569;Hettie Ulbrig;Frau;5.3.1980;7778 Dornburg;ThĂĽringen;AT
50014410;Hildarson Petershans;Mann;5.7.1990;22559 Hamburg;Hamburg;DE
50014707;Hilmar Deckerth;Mann;6.8.1978;67661 Kaiserslautern;Rheinland-Pfalz;AT
50014036;Hubertus Anthoni;Mann;3.3.1938;55471 Reich;Rheinland-Pfalz;SK
50014458;Huzeyfe Rauffus;Mann;5.11.1960;39291 Vehlitz;Sachsen-Anhalt;DE
50014406;Hye-Jin Zagelmeyer;Mann;5.7.1984;7426 KĂ¶nigsee;ThĂĽringen;SK
50014411;Chadi RĂĽdlein;Mann;5.7.2007;63303 Dreieich;Hessen;SK
50014565;Chanachon Tonnius;Mann;5.2.2000;26133 Oldenburg (Oldenburg);Niedersachsen;AT
50014386;Chaoqing Seltsam;Mann;5.7.1971;57319 Bad Berleburg Girkhausen;Nordrhein-Westfalen;SK
50014521;Chelsea Steinbrinker;Frau;5.10.1987;54636 Hamm;Rheinland-Pfalz;SK
50014302;Cheryl Pingenbang;Frau;4.4.1925;24245 Barmissen;Schleswig-Holstein;AT
50014324;Chiragbhai Heidemeier;Frau;4.5.1937;85391 Allershausen;Bayern;AT
50014598;Christopher Rheinholz;Mann;5.5.1952;26316 Varel Moorhausen;Niedersachsen;AT
50014470;I Fritzl;Mann;5.11.2007;99887 Petriroda;ThĂĽringen;DE
50014186;Ian Eppelsheimer;Mann;4.10.1978;6179 Langenbogen;Sachsen-Anhalt;DE
50014771;Ian-Son Steinstrasser;Mann;6.12.2005;54619 Heckhuscheid;Rheinland-Pfalz;SK
50014443;Iasson RĂ¶tger;Mann;5.10.2003;67814 Dannenfels;Rheinland-Pfalz;SK
50014653;Icke Yagci;Mann;6.6.2005;96106 Ebern;Bayern;SK
50014490;Idia Springub;Frau;5.11.1937;89547 Gerstetten;Baden-WĂĽrttemberg;AT
50014660;Idris Debus;Mann;6.7.1939;71364 Winnenden;Baden-WĂĽrttemberg;AT
50014649;Idrissa Berlet;Mann;6.6.1934;74076 Heilbronn;Baden-WĂĽrttemberg;DE
50014658;Iksan GroĂźkaemper;Frau;6.7.1985;91785 Pleinfeld;Bayern;DE
50014761;Ilina Kallart;Frau;6.12.1939;8118 Hartenstein Hartenstein;Sachsen;DE
50014358;Ilyasin Dienhardt;Mann;5.6.1980;23909 Mechow;Schleswig-Holstein;SK
50014471;Imara EidemĂĽller;Frau;5.12.1955;95466 Kirchenpingarten;Bayern;AT
50014635;Imea GrĂĽnĂ¤rmel;Frau;6.6.1927;72766 Reutlingen;Baden-WĂĽrttemberg;AT
50014518;Ionatan Dietherich;Mann;5.10.1938;17509 Kemnitz;Mecklenburg-Vorpommern;DE
50014812;Ira Taspinar;Frau;6.10.2007;2894 Vierkirchen;Sachsen;SK
50014537;Isioma Rheinholz;Frau;5.9.1975;65604 Elz;Hessen;AT
50014033;Ismaele Kiesewetter;Mann;3.2.2006;31606 Warmsen;Niedersachsen;AT
50014145;Itandehui Schomacker;Frau;4.8.1967;80802 MĂĽnchen;Bayern;SK
50014067;Ivarr Rastede;Mann;4.12.1933;7924 EĂźbach;ThĂĽringen;AT
50014117;Ivy Siebenhar;Frau;4.7.1935;6408 Aderstedt;Sachsen-Anhalt;SK
50014814;Iyanuoluwa Klimecek;Mann;6.10.1948;41539 Dormagen;Nordrhein-Westfalen;DE
50014024;JĂ©rĂ©mie Dirksmeyer;Mann;3.1.2004;25590 Osterstedt;Schleswig-Holstein;SK
50014082;JĂ¶rg Huberle;Mann;4.5.1926;32825 Blomberg;Nordrhein-Westfalen;AT
50014579;Jaaro Brending;Mann;5.4.1955;49770 Dohren;Niedersachsen;AT
50014042;Jad Bozdemir;Mann;3.3.2007;26446 Friedeburg Wiesedermeer;Niedersachsen;SK
50014430;JĂĽliye Bechtholdt;Frau;5.9.1978;66482 ZweibrĂĽcken;Rheinland-Pfalz;AT
50014264;Jam Sedelmeyr;Mann;4.9.1941;17390 Rubkow;Mecklenburg-Vorpommern;DE
50014081;Jamain Nehls;Mann;4.5.2009;16866 Rehfeld-Berlitt;Brandenburg;SK
50014474;Jamie-Joel Morkam;Mann;5.12.1988;54294 Trier;Rheinland-Pfalz;DE
50014322;Jamieson Cakirer;Mann;4.4.1996;55481 Maitzborn;Rheinland-Pfalz;SK
50014441;Janka Maciejewski;Frau;5.10.1973;14476 Satzkorn;Brandenburg;AT
50014195;Jannek Lindenschmidt;Mann;4.11.1923;38644 Goslar;Niedersachsen;SK
50014491;Jasleen Bueche;Frau;5.11.1941;24860 Uelsby;Schleswig-Holstein;AT
50014803;Jeanelle Kampe;Frau;6.10.2008;48653 Coesfeld;Nordrhein-Westfalen;AT
50014372;Jelle Loefflad;Frau;5.6.1933;16845 StĂĽdenitz-SchĂ¶nermark;Brandenburg;AT
50014714;JerĹŤme Hinderks;Mann;6.10.1922;24888 Loit;Schleswig-Holstein;SK
50014044;Jeyan Kronberger;Frau;3.3.1958;38518 Gifhorn;Niedersachsen;SK
50014286;Jia Vaterl;Frau;4.2.1960;57520 Kausen;Rheinland-Pfalz;DE
50014220;Jiawei Zorner;Mann;4.12.1976;17111 Lindenberg;Mecklenburg-Vorpommern;DE
50014729;Jie-Ling Westheide;Frau;6.10.1973;27793 Wildeshausen;Niedersachsen;SK
50014711;Jingxuan Ungermann;Mann;6.9.1976;26434 Wangerland Waddewarden;Niedersachsen;SK
50014248;Joao Alexeev;Mann;4.10.1998;86869 Oberostendorf;Bayern;SK
50014055;Johanna-Katharina LeichtfuĂź;Frau;3.5.1920;18375 Born a. DarĂź;Mecklenburg-Vorpommern;AT
50014460;Johnathan Kindla;Mann;5.11.1991;86825 Bad WĂ¶rishofen;Bayern;AT
50014640;Joline-Cathlyn Ereth;Frau;6.6.1950;65843 Sulzbach;Hessen;SK
50014307;Jonah-Maximilian Bergbauer;Mann;4.4.1930;39629 Bismark (Altmark);Sachsen-Anhalt;AT
50014116;Jones Schemat;Mann;4.7.2003;94547 Iggensbach;Bayern;SK
50014604;Jonkheer Obernhuber;Mann;6.12.1956;31085 Everode;Niedersachsen;DE
50014354;Jonn-Lee Ueberdick;Mann;5.6.1920;18279 Wattmannshagen;Mecklenburg-Vorpommern;DE
50014694;Jonte Yeniay;Frau;6.8.1984;59759 Arnsberg;Nordrhein-Westfalen;DE
50014381;Josefa SchĂ¤fl;Frau;5.6.1983;63920 GroĂźheubach;Bayern;DE
50014274;Josefine Toenns;Frau;4.1.1950;17192 Waren (MĂĽritz);Mecklenburg-Vorpommern;SK
50014258;Josche Bohnensteffen;Mann;4.10.1991;22549 Hamburg;Hamburg;DE
50014211;Joschik Schreiners;Mann;4.12.2004;54340 KĂ¶werich;Rheinland-Pfalz;SK
50014020;Joud de Vreese;Frau;3.1.1971;6254 Luppenau;Sachsen-Anhalt;DE
50014712;Juliska Peterhenze;Frau;6.9.1930;25712 Brickeln;Schleswig-Holstein;AT
50014591;Jumanah Schaan;Frau;5.5.1945;57644 Welkenbach;Rheinland-Pfalz;AT
50014566;June Novitskyy;Frau;5.3.1933;38489 Tangeln;Sachsen-Anhalt;DE
50014095;JustinoviÄŤ Karaosman;Mann;4.6.1930;6679 GranschĂĽtz;Sachsen-Anhalt;DE
50014817;Kaa Vorobiov;Frau;6.10.1983;57648 BĂ¶lsberg;Rheinland-Pfalz;DE
50014540;Kaenat Wroblewska;Frau;5.1.1996;25764 Oesterwurth;Schleswig-Holstein;DE
50014701;Kai Maurizius;Mann;6.8.1984;35315 Homberg (Ohm);Hessen;AT
50014281;Kaja Niemz;Frau;4.2.1925;17375 Vogelsang-Warsin;Mecklenburg-Vorpommern;AT
50014451;Kali Tiezel;Mann;5.10.2007;54298 Greimerath;Rheinland-Pfalz;SK
50014769;Kamil Frerk;Mann;6.12.1986;17449 Trassenheide;Mecklenburg-Vorpommern;AT
50014555;Kanny Caroli;Frau;5.2.1941;29313 HambĂĽhren;Niedersachsen;AT
50014317;Karan-Ayaz Merckx;Mann;4.4.1972;79872 Bernau;Baden-WĂĽrttemberg;SK
50014201;Kareema Godschalk;Frau;4.11.1982;17255 Priepert;Mecklenburg-Vorpommern;DE
50014270;Kari Ruzicka;Frau;4.1.1984;15868 Ullersdorf;Brandenburg;DE
50014622;Karina Wischenkemper;Frau;6.5.2007;95494 Gesees;Bayern;AT
50014786;Karlsson Zwart;Mann;6.11.1947;17291 Carmzow-Wallmow;Brandenburg;DE
50014567;Kartal Nawroth;Mann;5.3.1950;7557 Harth-PĂ¶llnitz KĂ¶feln;ThĂĽringen;AT
50014819;Katie SchĂ¤ferlein;Frau;6.9.1942;15518 SteinhĂ¶fel Tempelberg;Brandenburg;SK
50014759;Kay Weingarz;Mann;6.12.2009;25436 Uetersen;Schleswig-Holstein;SK
50014603;KÄ±vanĂ§ Zakrzewske;Mann;6.12.1929;26553 Dornum Roggenstede;Niedersachsen;SK
50014180;Kelion Kloppstech;Mann;4.10.1993;25927 Neukirchen;Schleswig-Holstein;AT
50014214;Kellan Schughart;Mann;4.12.1926;29473 GĂ¶hrde Zienitz;Niedersachsen;DE
50014231;Keremcan Niemoeller;Mann;4.11.1925;56653 Wehr;Rheinland-Pfalz;AT
50014400;Kesiah TyĂźen;Frau;5.7.1995;49809 Lingen;Niedersachsen;AT
50014375;Keva Pinarcik;Frau;5.6.1961;35794 Mengerskirchen;Hessen;AT
50014288;KhĂˇnh Moros;Frau;4.2.2007;26452 Sande Sanderbusch;Niedersachsen;DE
50014321;Khaleesi Schloddarick;Frau;4.4.1993;32049 Herford;Nordrhein-Westfalen;AT
50014348;KhamzatoviÄŤ Hochhuth;Mann;5.5.1929;35282 Rauschenberg;Hessen;AT
50014719;Khephren Trauthmann;Mann;6.10.1925;29459 Clenze Satkau;Niedersachsen;DE
50014147;Kiet Schuemann;Mann;4.8.1940;14627 Elstal;Brandenburg;SK
50014351;Kilian-Liam GĂ¤nswein;Mann;5.5.1954;37345 Bockelnhagen;ThĂĽringen;AT
50014787;Kimberley-Jasmin GĂĽntner;Frau;6.11.1951;94469 Deggendorf;Bayern;DE
50014167;Kinon PreiĂźel;Mann;4.9.1975;19399 Wendisch Waren;Mecklenburg-Vorpommern;SK
50014753;Kiril Narejkis;Mann;6.11.1986;57638 Obernau;Rheinland-Pfalz;SK
50014713;KirilloviÄŤ Olczewski;Mann;6.9.2000;54662 Philippsheim;Rheinland-Pfalz;SK
50014478;Klaas Regensburger;Mann;5.12.1940;34298 Helsa;Hessen;AT
50014611;Klara Gerstenkamp;Frau;6.12.2004;22299 Hamburg Winterhude;Hamburg;DE
50014245;Klemens Grunemann;Mann;4.10.1940;67305 Ramsen;Rheinland-Pfalz;AT
50014138;Knut GutkĂ¤Ăź;Mann;4.8.1932;86570 Inchenhofen;Bayern;AT
50014582;Koudous GrĂĽnwald;Mann;5.4.1987;56867 Briedel;Rheinland-Pfalz;DE
50014099;Krasteva Diettler;Frau;4.6.1937;7338 Drognitz;ThĂĽringen;DE
50014612;Krojana Melchior;Frau;6.12.2007;39307 Parchen;Sachsen-Anhalt;DE
50014468;Kubra Seuboth;Frau;5.11.1987;67814 Jakobsweiler;Rheinland-Pfalz;SK
50014796;Ĺ˝ivota Kolodziejcyk;Mann;6.11.2006;86989 Steingaden;Bayern;DE
50014688;Laea Bertelsmeyer;Frau;6.8.1938;23972 LĂĽbow;Mecklenburg-Vorpommern;AT
50014456;Laelia Tscheschlok;Frau;5.10.1958;63920 GroĂźheubach;Bayern;AT
50014517;Laena-Lara LĂĽnert;Frau;5.10.1928;94359 Loitzendorf;Bayern;DE
50014189;Lais Baarts;Mann;4.11.1942;76857 Dernbach;Rheinland-Pfalz;AT
50014685;Lamees Teisz;Frau;6.7.1950;16306 Stendell;Brandenburg;SK
50014589;Lancinet Frischmeier;Mann;5.5.1933;31061 Alfeld (Leine);Niedersachsen;DE
50014664;Lanika Grotejohann;Frau;6.7.1977;26553 Dornum Dornumersiel;Niedersachsen;SK
50014193;Lanre SchĂ¶nfuss;Mann;4.11.1983;73119 Zell unter Aichelberg;Baden-WĂĽrttemberg;SK
50014192;Larissa Urbanneck;Frau;4.11.2000;7751 GroĂźpĂĽrschĂĽtz;ThĂĽringen;DE
50014135;Laurin Beverunge;Mann;4.8.1959;15230 Frankfurt (Oder);Brandenburg;AT
50014526;Laurine SchĂ¶nhaar;Frau;5.10.1961;99707 GĂ¶llingen;ThĂĽringen;SK
50014172;Lav Pollak;Mann;4.10.1958;97259 GreuĂźenheim;Bayern;AT
50014420;Lavin-Aliyah Kudrna;Frau;5.8.1926;20354 Hamburg Rotherbaum;Hamburg;AT
50014425;Lavinia Claudius;Frau;5.8.1979;67259 Kleinniedesheim;Rheinland-Pfalz;AT
50014327;Laye Sickora;Mann;4.5.1994;6667 Reichardtswerben;Sachsen-Anhalt;SK
50014388;Lea-Jolie Cool;Frau;5.7.1976;1587 Riesa;Sachsen;DE
50014342;Leandro-Simeon Wailand;Mann;5.12.1969;53539 Reimerath;Rheinland-Pfalz;DE
50014173;Lennard-Tristan Bartelme;Mann;4.10.1996;39398 GroĂź Germersleben;Sachsen-Anhalt;AT
50014368;Lenneth Piehl;Frau;5.6.1967;29471 Gartow Quarnstedt;Niedersachsen;SK
50014197;Lenox Rosenthaler;Mann;4.11.1962;47551 Bedburg-Hau;Nordrhein-Westfalen;AT
50014507;Leo-Frederic StĂ¶ckel;Mann;5.11.1961;17268 Herzfelde;Brandenburg;DE
50014627;Leon-Ezio Thielsen;Mann;6.6.1923;20149 Hamburg Rotherbaum;Hamburg;SK
50014720;Leonie-Letizia Markel;Frau;6.10.1932;15306 Vierlinden Alt Rosenthal;Brandenburg;AT
50014755;Leonilde Karpe;Frau;6.11.1995;83024 Rosenheim;Bayern;DE
50014207;Leopold Altunay;Mann;4.12.1936;66111 SaarbrĂĽcken;Saarland;SK
50014450;Liam-Dyron Schiekl;Mann;5.10.1973;45475 MĂĽlheim an der Ruhr;Nordrhein-Westfalen;DE
50014539;Liam-Konstantin Hanseler;Mann;5.1.1951;54340 Ensch;Rheinland-Pfalz;DE
50014159;Lian Ostheider;Frau;4.9.1944;19089 Tramm;Mecklenburg-Vorpommern;SK
50014633;Liana Hlawatschek;Frau;6.6.1990;16278 Schmiedeberg;Brandenburg;AT
50014369;Liea Foller;Frau;5.6.2006;91788 Pappenheim;Bayern;DE
50014432;Lienard Baltruschat;Mann;5.9.1992;1326 Dresden;Sachsen;DE
50014112;Lilani Sonnleiter;Frau;4.6.1953;54552 HĂ¶rscheid;Rheinland-Pfalz;DE
50014165;Liljana Kirstgen;Frau;4.9.1928;53506 Heckenbach;Rheinland-Pfalz;SK
50014534;Lilly-Grace WĂĽlfers;Frau;5.9.1954;54614 SchĂ¶necken;Rheinland-Pfalz;AT
50014269;Lilly-Mary Stromeyer;Frau;4.1.1960;98590 Wernshausen;ThĂĽringen;DE
50014508;Limara Fernekess;Frau;5.11.1965;8289 Schneeberg;Sachsen;AT
50014467;Linay Bruckmeier;Frau;5.11.1931;76229 Karlsruhe;Baden-WĂĽrttemberg;AT
50014728;Liselle Abas;Frau;6.10.1970;24239 Achterwehr;Schleswig-Holstein;AT
50014706;Liv Siegfriedsen;Frau;6.8.1972;4509 DĂ¶bernitz;Sachsen;DE
50014455;Liv-Grete Mergel;Frau;5.10.1948;12209 Berlin;Berlin;SK
50014715;Livingston Dal;Mann;6.10.1923;31600 Uchte;Niedersachsen;DE
50014377;Ljubascha Dahlkamp;Frau;5.6.1920;3044 Cottbus;Brandenburg;SK
50014617;lloyd Abele;Mann;6.5.1984;79853 Lenzkirch;Baden-WĂĽrttemberg;DE
50014309;LoĂŻs Warns;Frau;4.4.1945;66484 Walshausen;Rheinland-Pfalz;DE
50014606;Loik Schiller;Mann;6.12.1970;23795 Schieren;Schleswig-Holstein;AT
50014699;Lojin Soltyseck;Frau;6.8.1980;38536 Meinersen;Niedersachsen;AT
50014599;Lorie BlĂ¶dhorn;Frau;5.5.1970;24226 Heikendorf;Schleswig-Holstein;AT
50014337;Lou Dinkel;Frau;4.5.1988;98587 Steinbach-Hallenberg;ThĂĽringen;AT
50014549;Louise-AimĂ©e EĂźkuchen;Frau;5.2.1930;19067 Rubow;Mecklenburg-Vorpommern;DE
50014590;Lu Klingseisen;Frau;5.5.1941;25569 Bahrenfleth;Schleswig-Holstein;SK
50014638;Luan Dittl;Mann;6.6.1934;66887 Erdesbach;Rheinland-Pfalz;AT
50014610;Luce HopfenmĂĽller;Frau;6.12.2003;49777 Stavern;Niedersachsen;DE
50014130;Lucina Kurtzhals;Frau;4.7.1928;89150 Laichingen Feldstetten;Baden-WĂĽrttemberg;SK
50014224;Ludwig Teyse;Mann;4.12.1971;49434 Neuenkirchen-VĂ¶rden;Niedersachsen;DE
50014668;Lumara Hensgens;Frau;6.7.1922;29413 Bonese;Sachsen-Anhalt;AT
50014674;Luva Balsing;Frau;6.7.1950;6922 Prettin;Sachsen-Anhalt;AT
50014280;Lydia Seubelt;Frau;4.2.1959;6543 Alterode;Sachsen-Anhalt;AT
50014519;Lynus Rauschel;Mann;5.10.1941;84034 Landshut;Bayern;AT
50014053;Ĺžirinnaz GĂĽrtner;Frau;3.4.1992;38281 WolfenbĂĽttel;Niedersachsen;DE
50014102;MaĂ«lle-Christie Goez;Frau;4.6.1964;25884 ViĂ¶l;Schleswig-Holstein;SK
50014260;Maath Dupont;Mann;4.10.2000;6766 Bobbau;Sachsen-Anhalt;AT
50014177;Madlin Bastendorf;Frau;4.10.1952;99991 Altengottern;ThĂĽringen;SK
50014196;Mahmmoud Sariyildiz;Mann;4.11.1927;67361 Freisbach;Rheinland-Pfalz;DE
50014057;Maiha Efendi;Frau;3.5.1931;54608 Brandscheid;Rheinland-Pfalz;DE
50014533;Maja-Felina Oberheide;Frau;5.9.1947;39167 Hohendodeleben;Sachsen-Anhalt;AT
50014504;Majken Thielemann;Frau;5.11.1949;57632 Ziegenhain;Rheinland-Pfalz;SK
50014477;Malaika Michalek;Frau;5.12.2002;34314 Espenau;Hessen;AT
50014199;Mali VĂ¶lkering;Mann;4.11.1965;97711 Thundorf in Unterfranken;Bayern;AT
50014100;Malou Kuhns;Mann;4.6.1942;54668 Kaschenbach;Rheinland-Pfalz;DE
50014581;Malyn Goepen;Frau;5.4.1972;26736 KrummhĂ¶rn Canum;Niedersachsen;SK
50014146;Manuela JĂĽrgenpaschedag;Frau;4.8.1940;59069 Hamm;Nordrhein-Westfalen;AT
50014643;Manuok Pistori;Mann;6.6.1930;69502 Hemsbach;Baden-WĂĽrttemberg;SK
50014805;Mara-Evangeline Berkcan;Frau;6.10.1929;65221 Taunusstein;Hessen;DE
50014670;Marat Werneken;Mann;6.7.1955;84337 SchĂ¶nau;Bayern;SK
50014520;Mareen Riger;Frau;5.10.1984;39175 Wahlitz;Sachsen-Anhalt;SK
50014792;Marenz Lamprich;Mann;6.11.1945;99428 Niederzimmern;ThĂĽringen;DE
50014021;Maria MĂĽllert;Frau;3.1.1981;24256 Schlesen;Schleswig-Holstein;AT
50014515;Maria-Elena Sulaiman;Frau;5.10.1924;84431 Rattenkirchen;Bayern;AT
50014503;Marie-Lizar Hartlein;Frau;5.11.1947;18184 Steinfeld;Mecklenburg-Vorpommern;SK
50014663;Marigo Foelckel;Frau;6.7.1974;89331 Burgau;Bayern;SK
50014075;Marilie Schwobe;Frau;4.5.1989;1945 GrĂĽnewald;Brandenburg;DE
50014547;Maripaz Altunel;Frau;5.1.1997;7646 Albersdorf;ThĂĽringen;DE
50014155;Marketta Hertwig;Frau;4.9.1920;15898 NeiĂźemĂĽnde Coschen;Brandenburg;AT
50014639;Mart WĂ¶ber;Mann;6.6.1946;48485 Neuenkirchen;Nordrhein-Westfalen;AT
50014048;Marten Seyppel;Mann;3.4.1946;19071 BrĂĽsewitz;Mecklenburg-Vorpommern;AT
50014303;Masud Erlenmaier;Mann;4.4.1947;28203 Bremen;Bremen;SK
50014669;Mat GĂ¤nsshirt;Mann;6.7.1928;6188 Niemberg;Sachsen-Anhalt;DE
50014331;MathĂŻs Woldrich;Mann;4.5.1934;6246 Bad LauchstĂ¤dt;Sachsen-Anhalt;DE
50014134;Mathies Balcik;Mann;4.8.1936;2991 Lauta;Sachsen;DE
50014497;Matteo-Elyas Froeschlin;Mann;5.11.1961;94513 SchĂ¶nberg;Bayern;AT
50014311;Maximus Merttens;Mann;4.4.1965;6773 JĂĽdenberg;Sachsen-Anhalt;DE
50014023;Maxymilian-Joell Pfeffle;Mann;3.1.1999;7646 Renthendorf;ThĂĽringen;AT
50014086;Maxym-Victor Menzlow;Mann;4.5.1986;99762 Buchholz;ThĂĽringen;SK
50014656;Meeri Kuball;Frau;6.7.1947;6193 Gutenberg;Sachsen-Anhalt;AT
50014045;Mees BĂĽhl;Mann;3.4.1921;42859 Remscheid;Nordrhein-Westfalen;AT
50014717;Meliah-Alina Mikoleizik;Frau;6.10.1935;76846 Hauenstein;Rheinland-Pfalz;AT
50014328;Melina-Joyce Dorfschmidt;Frau;4.5.1994;18258 Schwaan;Mecklenburg-Vorpommern;AT
50014758;Merete Lieberenz;Frau;6.12.1978;19417 Ventschow;Mecklenburg-Vorpommern;SK
50014485;Merey Korbjuhn;Frau;5.12.1935;76684 Ă–stringen;Baden-WĂĽrttemberg;AT
50014313;Meriem Giermanns;Frau;4.4.2001;6237 Spergau;Sachsen-Anhalt;AT
50014415;Merith Vorschneider;Frau;5.8.1965;65558 Cramberg;Rheinland-Pfalz;SK
50014083;Mi Schliesser;Frau;4.5.1927;49406 Drentwede;Niedersachsen;AT
50014516;Miguelson Loeffelad;Mann;5.10.1925;97246 Eibelstadt;Bayern;AT
50014690;Milka Rohtermundt;Frau;6.8.2000;54441 Kirf;Rheinland-Pfalz;SK
50014335;Milon GrĂĽnendahl;Mann;4.5.1984;38835 WĂĽlperode;Sachsen-Anhalt;AT
50014562;Milorad Kirmaier;Mann;5.2.1971;56357 Obertiefenbach;Rheinland-Pfalz;AT
50014775;Milyas Rudolphus;Frau;6.12.1983;83071 Stephanskirchen;Bayern;AT
50014365;Mingyue Kubatsch;Mann;5.6.2000;1945 Schwarzbach;Brandenburg;SK
50014404;Minosz Ollhorn;Mann;5.7.1977;19077 Rastow;Mecklenburg-Vorpommern;AT
50014428;Mirac StĂ¶gmĂĽller;Mann;5.9.1925;24601 Ruhwinkel;Schleswig-Holstein;DE
50014429;Miran-Deniz Sengstaken;Mann;5.9.1947;65599 Dornburg;Hessen;DE
50014573;Mitchell Hahmann;Frau;5.3.1960;86704 Tagmersheim;Bayern;AT
50014623;Miyada Taenzer;Frau;6.5.1949;15537 Gosen Gosen;Brandenburg;DE
50014060;Mobina Preisse;Frau;3.5.1964;97650 Fladungen;Bayern;DE
50014108;Mohamad Braumiller;Mann;4.6.1991;58093 Hagen;Nordrhein-Westfalen;DE
50014356;Momoka Zabka;Frau;5.6.1959;88422 Oggelshausen;Baden-WĂĽrttemberg;DE
50014583;Mongoh Wietmaier;Mann;5.4.2008;65582 Hambach;Rheinland-Pfalz;SK
50014047;Moon WĂ¶hlers;Frau;3.4.2006;92555 Trausnitz;Bayern;DE
50014825;Mostafa AltemĂĽller;Mann;6.1.2000;23562 LĂĽbeck;Schleswig-Holstein;AT
50014350;Mwaringa Gierlich;Mann;5.5.1947;12524 Berlin;Berlin;AT
50014340;Nadir Rulef;Mann;5.12.1932;65199 Wiesbaden;Hessen;AT
50014310;Nahide Dickele;Frau;4.4.1952;24969 Lindewitt;Schleswig-Holstein;DE
50014217;Naia Krohs;Frau;4.12.1957;21406 Melbeck;Niedersachsen;AT
50014483;Name Steuble;Frau;5.12.1925;55592 Breitenheim;Rheinland-Pfalz;AT
50014051;Nanuk Siebendritt;Mann;3.4.1990;23883 Lehmrade;Schleswig-Holstein;DE
50014275;Natali Berntges;Mann;4.1.1950;26316 Varel Hohenberge;Niedersachsen;DE
50014495;Natapon Linsenmann;Mann;5.11.1999;88719 Stetten;Baden-WĂĽrttemberg;SK
50014152;Naufil Jonszies;Mann;4.8.1979;53520 Wershofen;Rheinland-Pfalz;AT
50014607;Nebahat Jagiello;Frau;6.12.1989;55758 Kempfeld;Rheinland-Pfalz;DE
50014078;Necla TĂ¶nnesen;Frau;4.5.2007;25336 Elmshorn;Schleswig-Holstein;AT
50014667;Neel Smet;Mann;6.7.1995;15806 Telz;Brandenburg;AT
50014763;Nefeli Casper;Frau;6.12.1955;98630 Milz;ThĂĽringen;SK
50014826;Nefeli Rehse;Frau;6.1.2006;18109 Rostock;Mecklenburg-Vorpommern;AT
50014730;Nefise Amenth;Frau;6.10.1987;84094 Elsendorf;Bayern;AT
50014741;Nelina Franzl;Frau;6.11.1995;98587 UnterschĂ¶nau;ThĂĽringen;SK
50014213;Neslihan Moosmaier;Frau;4.12.2009;24806 Sophienhamm;Schleswig-Holstein;AT
50014026;Nesser SchĂĽhlein;Mann;3.2.1923;48151 MĂĽnster;Nordrhein-Westfalen;AT
50014402;Netka Heyd;Frau;5.7.1959;93180 Deuerling;Bayern;DE
50014162;Ngardi Ayoubi;Frau;4.9.1973;17268 Gerswalde;Brandenburg;DE
50014065;Nguyen Uludogan;Frau;3.5.1990;53520 NĂĽrburg;Rheinland-Pfalz;SK
50014496;NhĂ˘n Geilfuhs;Mann;5.11.1945;56729 Boos;Rheinland-Pfalz;DE
50014387;Nias Brinck;Mann;5.7.1974;54646 Olsdorf;Rheinland-Pfalz;SK
50014655;Nias Kavalenko;Mann;6.7.1936;7646 Kleinebersdorf;ThĂĽringen;AT
50014593;Niclas Srocka;Mann;5.5.1958;33611 Bielefeld;Nordrhein-Westfalen;SK
50014398;Nihel Schlosmacher;Frau;5.7.1949;71560 Sulzbach an der Murr;Baden-WĂĽrttemberg;SK
50014676;Nijat Wolfrum;Frau;6.7.1991;93183 Holzheim am Forst;Bayern;SK
50014435;Nika-Luise Scharff;Frau;5.9.1960;17111 SiedenbrĂĽnzow;Mecklenburg-Vorpommern;DE
50014300;Nikithaan Kupers;Mann;4.3.2007;17509 Neu Boltenhagen;Mecklenburg-Vorpommern;SK
50014551;Nilu Kowatsch;Mann;5.2.1966;82067 Kloster SchĂ¤ftlarn;Bayern;AT
50014608;Nimarjot Heinl;Mann;6.12.1998;24326 Dersau;Schleswig-Holstein;DE
50014218;Noah-Nour FreyhĂ¶fer;Mann;4.12.1959;58507 LĂĽdenscheid;Nordrhein-Westfalen;SK
50014488;Nokuthula Piekarek;Frau;5.11.1928;16928 Alt KrĂĽssow;Brandenburg;DE
50014294;Noto Burkerth;Mann;4.3.1962;54298 Eisenach;Rheinland-Pfalz;AT
50014238;Nouhad Zirhut;Mann;4.11.1950;17392 Boldekow;Mecklenburg-Vorpommern;SK
50014119;Nuray Wellandt;Mann;4.7.1985;34513 Waldeck;Hessen;SK
50014462;Nusaibah Driesen;Frau;5.11.1943;56370 Berndroth;Rheinland-Pfalz;AT
50014168;Nuyella Slevoigt;Mann;4.9.1986;38325 Roklum;Niedersachsen;SK
50014642;Okubamaryam Offergelt;Frau;6.6.2001;89296 Osterberg;Bayern;SK
50014747;Ol'ga Holzmaier;Frau;6.11.2007;32602 Vlotho;Nordrhein-Westfalen;SK
50014222;Olgaova NeuhĂ¤uĂźer;Frau;4.12.2001;83129 HĂ¶slwang;Bayern;AT
50014016;Oluwaseun Lukaschus;Mann;3.1.1999;17192 Klink;Mecklenburg-Vorpommern;SK
50014727;Opeyemi Gundelach;Mann;6.10.1942;27628 Uthlede;Niedersachsen;DE
50014558;Opiyo Popova;Mann;5.2.1949;46244 Bottrop;Nordrhein-Westfalen;SK
50014646;Orfan GenctĂĽrk;Mann;6.6.1977;38835 Veltheim;Sachsen-Anhalt;DE
50014502;Otto FrĂ¤mcke;Mann;5.11.1947;6571 RoĂźleben;ThĂĽringen;DE
50014234;Oury Thiedemann;Mann;4.11.1968;94339 Leiblfing;Bayern;SK
50014344;Paige Buers;Frau;5.12.1985;78713 Schramberg;Baden-WĂĽrttemberg;DE
50014514;Patrizia Winkelmeyr;Frau;5.10.2005;63839 Kleinwallstadt;Bayern;SK
50014170;Pavlovna Wehrlein;Frau;4.10.1936;16259 Beiersdorf-Freudenberg Freudenberg;Brandenburg;AT
50014662;Pax Sibber;Mann;6.7.1961;4618 JĂĽckelberg;ThĂĽringen;AT
50014513;Payman Voelckers;Frau;5.10.1984;19322 Wittenberge;Brandenburg;SK
50014445;Payten Sensenschmitt;Frau;5.10.1924;65623 Mudershausen;Rheinland-Pfalz;DE
50014298;PeĂ±as PoggemĂĽller;Frau;4.3.1983;24392 Ekenis;Schleswig-Holstein;SK
50014259;Pedro Kristoff;Mann;4.10.1996;70374 Stuttgart;Baden-WĂĽrttemberg;SK
50014480;Pekka Nottebom;Mann;5.12.1964;22145 Hamburg;Hamburg;DE
50014671;Petar Petrovitsch;Mann;6.7.1995;7580 RĂĽckersdorf;ThĂĽringen;SK
50014160;Phaedra Piedboeuf;Frau;4.9.1955;26632 Ihlow Riepsterhammrich;Niedersachsen;SK
50014739;PierrĂ© Urbahns;Mann;6.11.1979;83101 Rohrdorf;Bayern;AT
50014791;Pietje Hirte;Frau;6.11.1940;22769 Hamburg Altona-Nord;Hamburg;AT
50014287;Prabesh Aupel;Mann;4.2.1972;18569 Gingst;Mecklenburg-Vorpommern;DE
50014541;Priya-Laurine Krefft;Frau;5.1.1923;54673 GemĂĽnd;Rheinland-Pfalz;DE
50014433;Qamil Selmaier;Mann;5.9.1998;6507 Stecklenberg;Sachsen-Anhalt;DE
50014223;Quetsche Kopecny;Frau;4.12.1935;87448 Waltenhofen;Bayern;SK
50014097;Quigley Windischbauer;Frau;4.6.1975;4936 Naundorf;Brandenburg;DE
50014052;Raika Stockenreiter;Frau;3.4.1970;81243 MĂĽnchen;Bayern;DE
50014123;Raissa Ruhfus;Frau;4.7.1961;4451 Borsdorf;Sachsen;AT
50014724;Raknar KĂĽnle;Mann;6.10.1924;24576 Hagen;Schleswig-Holstein;DE
50014619;Raoul Dinkl;Mann;6.5.1967;56357 Weyer;Rheinland-Pfalz;SK
50014809;Rasan Schafmeister;Frau;6.10.1955;87656 Germaringen;Bayern;SK
50014709;Rashad Huberty;Mann;6.9.1957;56357 Miehlen;Rheinland-Pfalz;DE
50014634;Rashida GĂ¶ltzenleuchter;Frau;6.6.1920;29481 Karwitz Pudripp/Bahnhof;Niedersachsen;AT
50014487;Raschid Voegtle;Mann;5.12.2007;54673 Berkoth;Rheinland-Pfalz;SK
50014198;Rawella Adelwarth;Frau;4.11.1962;17509 Neu Boltenhagen;Mecklenburg-Vorpommern;SK
50014813;Rawya Mikolei;Frau;6.10.2009;54675 Hommerdingen;Rheinland-Pfalz;AT
50014366;Rayna Ungerer;Frau;5.6.1921;7987 Mohlsdorf;ThĂĽringen;AT
50014587;ReĂ§ep Witzurke;Mann;5.4.1943;6786 Vockerode;Sachsen-Anhalt;AT
50014601;Remigius Niemant;Mann;5.5.1985;37127 Dransfeld;Niedersachsen;SK
50014325;Remy Herrbrechtsmeier;Frau;4.5.1947;79868 Feldberg;Baden-WĂĽrttemberg;SK
50014824;Remziye Szammetat;Frau;6.1.1997;36286 Neuenstein;Hessen;DE
50014399;Rena Kohlstrunk;Frau;5.7.1988;95213 MĂĽnchberg;Bayern;DE
50014802;Revin Sieth;Frau;6.10.2006;38239 Salzgitter Bleckenstedt;Niedersachsen;SK
50014279;Reyani Hugenschmidt;Frau;4.2.1935;47279 Duisburg;Nordrhein-Westfalen;SK
50014543;Richard-Georg Lemken;Mann;5.1.1935;15377 Oberbarnim Bollersdorf;Brandenburg;DE
50014418;Rinas Deivel;Frau;5.8.1994;20537 Hamburg Borgfelde;Hamburg;DE
50014493;Rio Beranek;Mann;5.11.1987;22605 Hamburg Othmarschen;Hamburg;SK
50014206;Ritaj Butvilas;Frau;4.12.2009;39638 Schwiesau;Sachsen-Anhalt;AT
50014823;Rita-Nanette Gondermann;Frau;6.1.1970;26316 Varel Neudorf;Niedersachsen;AT
50014148;River Weitzenmiller;Mann;4.8.1948;17207 RĂ¶bel/MĂĽritz;Mecklenburg-Vorpommern;SK
50014015;Róbert Tester;Mann;19.4.1963;84103 Hany Melíčkovej 5;SR;DE
50014157;Rodja Siebendritt;Mann;4.9.1926;91174 Spalt;Bayern;DE
50014743;Roger Gerstmayer;Mann;6.11.1925;85395 Wolfersdorf;Bayern;DE
50014438;Ronesa Beuks;Frau;5.10.1951;7950 GĂ¶hren-DĂ¶hlen;ThĂĽringen;AT
50014203;Rosalinda Krautschick;Frau;4.12.1942;94572 SchĂ¶fweg;Bayern;AT
50014041;Rosef Wieskotten;Frau;3.3.1984;91257 Pegnitz;Bayern;DE
50014127;Rositsova DĂ¶rfling;Frau;4.7.1991;6917 Jessen (Elster) MĂ¶nchenhĂ¶fe;Sachsen-Anhalt;SK
50014609;Rosleen Viechter;Frau;6.12.1998;33442 Herzebrock-Clarholz;Nordrhein-Westfalen;SK
50014740;Rovan Kadletz;Mann;6.11.1979;26553 Dornum Westeraccum;Niedersachsen;DE
50014040;Roy Lutze;Frau;3.3.1978;6905 Meuro;Sachsen-Anhalt;DE
50014200;Ruansh FurtwĂ¤nger;Mann;4.11.1976;20457 Hamburg Klostertor;Hamburg;DE
50014757;Rufus Symanczik;Mann;6.11.2002;1979 Lauchhammer;Brandenburg;AT
50014785;Rumeyda Lyhsy;Frau;6.11.1943;95179 GeroldsgrĂĽn;Bayern;DE
50014748;Rumeysa Jakubiec;Frau;6.11.1923;18445 GroĂź Mohrdorf;Mecklenburg-Vorpommern;AT
50014621;Sabina NieĂź;Frau;6.5.1982;89614 Ă–pfingen;Baden-WĂĽrttemberg;DE
50014250;Sabit Schottel;Mann;4.10.1954;17039 Staven;Mecklenburg-Vorpommern;SK
50014050;Sahel Klaudi;Frau;3.4.1990;6543 Friesdorf;Sachsen-Anhalt;SK
50014137;Saif Rink;Mann;4.8.1929;95364 Ludwigschorgast;Bayern;SK
50014449;Sainab Bernhart;Frau;5.10.1969;56237 Wittgert;Rheinland-Pfalz;AT
50014362;Salahadin Langkait;Mann;5.6.1937;21398 Neetze;Niedersachsen;AT
50014061;Saleh Bohnensack;Mann;3.5.1965;87745 Eppishausen;Bayern;SK
50014291;Saliba Johannesmeyer;Frau;4.3.1984;68259 Mannheim;Baden-WĂĽrttemberg;DE
50014191;SĂĽreyya BrinkĂ¤mper;Frau;4.11.1988;73111 Lauterstein;Baden-WĂĽrttemberg;AT
50014538;Samaa KluĂźmeyer;Frau;5.9.1983;66903 Dittweiler;Rheinland-Pfalz;AT
50014773;Samaid Filluhn;Mann;6.12.1933;91478 Markt Nordheim;Bayern;DE
50014629;Sam-Liam ClausjĂĽrgens;Mann;6.6.1929;67487 Sankt Martin;Rheinland-Pfalz;SK
50014378;Samuel-Nael Heinzke;Mann;5.6.1922;99510 Wiegendorf;ThĂĽringen;AT
50014414;Saniye Kaczmarczik;Frau;5.8.1953;37318 Lutter;ThĂĽringen;AT
50014254;Sapphire-Larimar Bunschuh;Frau;4.10.1984;84547 Emmerting;Bayern;DE
50014341;Sara-Jane Augustini;Frau;5.12.1968;8648 Bad Brambach;Sachsen;SK
50014142;Sarinya Frommke;Frau;4.8.1999;19303 Vielank;Mecklenburg-Vorpommern;SK
50014064;Saro Dierck;Mann;3.5.1957;55767 Rinzenberg;Rheinland-Pfalz;DE
50014022;Sarya Gierlichs;Frau;3.1.1988;29478 HĂ¶hbeck BrĂĽnkendorf;Niedersachsen;AT
50014412;Sasha-Charlie Pfaltzgraff;Frau;5.8.1920;6869 Senst;Sachsen-Anhalt;AT
50014672;Sato Ahrendtz;Mann;6.7.1999;97241 Oberpleichfeld;Bayern;DE
50014710;SavaĹź-Ali Raddek;Mann;6.9.1970;44263 Dortmund;Nordrhein-Westfalen;SK
50014389;Sean-Constantine Krahl;Mann;5.7.1984;66917 Wallhalben;Rheinland-Pfalz;DE
50014296;Sean-Paul von Wiegand;Mann;4.3.1965;76756 Bellheim;Rheinland-Pfalz;DE
50014367;Sejfo Gerstmeir;Mann;5.6.1934;9600 NiederschĂ¶na;Sachsen;SK
50014457;Selina Holzschuher;Frau;5.11.1953;65558 Holzheim;Rheinland-Pfalz;DE
50014345;Sem Jebrameck;Mann;5.12.2008;14641 Etzin;Brandenburg;DE
50014136;Semaya GloĂźner;Frau;4.8.2009;2627 Radibor;Sachsen;DE
50014815;Senta KĂĽmmell;Frau;6.10.1968;2991 Elsterheide;Sachsen;SK
50014103;Seokhyeon BĂĽhler;Mann;4.6.1968;46414 Rhede;Nordrhein-Westfalen;SK
50014597;Sercan Schimonik;Mann;5.5.2008;63933 MĂ¶nchberg;Bayern;DE
50014464;Sergejs Clesen;Mann;5.11.1980;63879 Weibersbrunn;Bayern;DE
50014789;Seyd HirsmĂĽller;Mann;6.11.1997;67292 Kirchheimbolanden;Rheinland-Pfalz;DE
50014447;Seymen Bakir;Mann;5.10.1953;39606 Hohenwulsch;Sachsen-Anhalt;AT
50014039;Shalima Petrofsky;Frau;3.3.1963;25842 LĂĽtjenholm;Schleswig-Holstein;AT
50014252;Shallon Cavus;Frau;4.10.1967;39539 Havelberg;Sachsen-Anhalt;SK
50014153;Shela Hinzen;Frau;4.8.1979;89287 Bellenberg;Bayern;AT
50014654;Shenol KlĂ¶sen;Mann;6.7.1921;8412 Leubnitz;Sachsen;SK
50014407;Shilou Carolus;Frau;5.7.1994;17217 Puchow;Mecklenburg-Vorpommern;SK
50014225;Shilou Merthin;Frau;4.11.1974;67590 Monsheim;Rheinland-Pfalz;SK
50014800;Shinna Bertsch;Frau;6.10.1936;37647 Polle;Niedersachsen;DE
50014637;Shintaro Kiechle;Mann;6.6.1925;21147 Hamburg;Hamburg;AT
50014304;Shipelu Spenkoch;Mann;4.4.1975;6347 Gerbstedt;Sachsen-Anhalt;SK
50014141;Shirin FirmkĂ¤s;Frau;4.8.1977;88260 ArgenbĂĽhl;Baden-WĂĽrttemberg;SK
50014257;Schadja Preusel;Frau;4.10.1931;56659 Burgbrohl;Rheinland-Pfalz;DE
50014767;Scheherazade Oertelt;Frau;6.12.1970;17440 GroĂź Ernsthof;Mecklenburg-Vorpommern;AT
50014029;Sian Sternbergs;Mann;3.2.1996;31789 Hameln;Niedersachsen;DE
50014312;Sinian Kirscher;Frau;4.4.1996;4769 Sornzig-AblaĂź;Sachsen;SK
50014571;Sjard Fuchsbauer;Mann;5.3.1957;19372 Brunow;Mecklenburg-Vorpommern;AT
50014293;Smilla Allofs;Frau;4.3.1939;79691 Neuenweg;Baden-WĂĽrttemberg;DE
50014417;Soh Heynoldt;Frau;5.8.1978;6279 Esperstedt;Sachsen-Anhalt;DE
50014564;Sol Wehrschmidt;Frau;5.2.1993;12349 Berlin;Berlin;AT
50014434;Sony Inoue;Mann;5.9.1946;71711 Murr;Baden-WĂĽrttemberg;SK
50014360;Sophia-Marie Piephans;Frau;5.6.1929;63694 Limeshain;Hessen;SK
50014448;Soraja Eppele;Frau;5.10.1956;24790 SchĂĽlldorf;Schleswig-Holstein;DE
50014154;Soraya Bohnenberg;Frau;4.8.2004;21641 Apensen;Niedersachsen;SK
50014553;Stefanija Roeger;Frau;5.2.1985;37287 Wehretal;Hessen;DE
50014187;Stella-Josephine Kleinert;Frau;4.10.1993;29227 Celle;Niedersachsen;SK
50014221;Stratos Kleinschmitt;Mann;4.12.1994;39638 Schenkenhorst;Sachsen-Anhalt;DE
50014532;Suada KlaĂźmĂĽller;Frau;5.9.1945;78582 Balgheim;Baden-WĂĽrttemberg;DE
50014128;Suade Grosius;Mann;4.7.1997;39307 Gladau;Sachsen-Anhalt;AT
50014266;Sudais Schimkuss;Mann;4.9.1975;1728 Bannewitz;Sachsen;SK
50014174;Suhejl JĂ¶stlein;Mann;4.10.1998;53840 Troisdorf;Nordrhein-Westfalen;SK
50014577;Sukayna Yesildag;Frau;5.4.1928;7336 KĂ¶nitz;ThĂĽringen;AT
50014343;Sukhvir Frohmayer;Mann;5.12.1970;6528 Breitenbach;Sachsen-Anhalt;SK
50014215;Suna WĂ¶rl;Frau;4.12.1939;14557 Wilhelmshorst;Brandenburg;DE
50014068;Sunanaz Jakobeck;Frau;4.12.1939;34326 Morschen;Hessen;DE
50014413;Suri Ehlert;Frau;5.8.1922;56767 Sassen;Rheinland-Pfalz;DE
50014444;Suriya Reinharz;Mann;5.10.2005;22589 Hamburg;Hamburg;SK
50014401;Suvi GrĂ¶n;Frau;5.7.1933;90579 Langenzenn;Bayern;DE
50014244;Sylva HĂ¶fken;Frau;4.10.1923;97447 Frankenwinheim;Bayern;SK
50014560;Tadea Cronenberg;Mann;5.2.1958;80999 MĂĽnchen;Bayern;AT
50014641;Takeo Schnaider;Mann;6.6.1999;6333 Welbsleben;Sachsen-Anhalt;DE
50014798;Talea Thome;Frau;6.11.2008;7927 Hirschberg;ThĂĽringen;AT
50014453;Taleb Vrobel;Frau;5.10.1924;66957 Ruppertsweiler;Rheinland-Pfalz;DE
50014682;Taleen Klagges;Frau;6.7.1931;96155 Buttenheim;Bayern;AT
50014605;Tami Jacubke;Frau;6.12.1969;94428 Eichendorf;Bayern;SK
50014361;Tayler Scherp;Frau;5.6.1936;91327 GĂ¶Ăźweinstein;Bayern;AT
50014422;Tea Erduran;Frau;5.8.1954;57632 Berzhausen;Rheinland-Pfalz;SK
50014125;Tell Gebensleben;Mann;4.7.1930;69198 Schriesheim;Baden-WĂĽrttemberg;AT
50014285;Tesfaye HĂ¶veler;Mann;4.2.1959;24787 Fockbek;Schleswig-Holstein;SK
50014578;ThĂ©odore Noltmeyer;Mann;5.4.1953;25492 Heist;Schleswig-Holstein;DE
50014232;Thara Alpert;Frau;4.11.1936;88524 Uttenweiler;Baden-WĂĽrttemberg;SK
50014570;The Karaismailoglu;Mann;5.3.1937;25560 Kaisborstel;Schleswig-Holstein;AT
50014723;Theophania Waldbillig;Frau;6.10.1963;51503 RĂ¶srath;Nordrhein-Westfalen;AT
50014545;Theresia DĂ¶rflinger;Frau;5.1.1986;29379 Wittingen;Niedersachsen;AT
50014765;Thinh Fricke;Mann;6.12.1959;93173 Wenzenbach;Bayern;DE
50014768;Thisara JĂ¤hne;Frau;6.12.1981;86152 Augsburg;Bayern;AT
50014586;Thi-Thu KĂĽhirt;Frau;5.4.1934;86701 Rohrenfels;Bayern;AT
50014631;Thorin Tessars;Mann;6.6.1957;6779 Salzfurtkapelle;Sachsen-Anhalt;SK
50014190;Tchakounte Litvin;Mann;4.11.1973;6193 KĂĽtten;Sachsen-Anhalt;DE
50014766;Tim-Wilhelm Sznayder;Mann;6.12.1967;19217 Schlagsdorf;Mecklenburg-Vorpommern;SK
50014820;Tiona Bartholmi;Frau;6.9.1985;97337 Dettelbach;Bayern;SK
50014091;Tom Balcarik;Mann;4.6.1928;58455 Witten;Nordrhein-Westfalen;DE
50014452;Tomomi Hofreuter;Frau;5.10.2009;24975 Ausacker;Schleswig-Holstein;AT
50014600;Ton Simon;Mann;5.5.1976;70437 Stuttgart MĂ¶nchfeld;Baden-WĂĽrttemberg;AT
50014066;Tonja Altintas;Frau;3.5.2009;72221 Haiterbach;Baden-WĂĽrttemberg;DE
50014650;Tornik Sisman;Mann;6.6.1947;8280 Aue;Sachsen;DE
50014522;Toscha Widmeier;Frau;5.10.2005;53902 Bad MĂĽnstereifel;Nordrhein-Westfalen;DE
50014089;Touka Hinzen;Mann;4.5.1964;91477 Markt Bibart;Bayern;SK
50014636;TuÄźcan Morgenschweis;Mann;6.6.2006;15848 Tauche GĂ¶rsdorf bei Beeskow;Brandenburg;SK
50014492;Tunay KĂĽcĂĽkkaplan;Mann;5.11.1953;27404 Heeslingen;Niedersachsen;AT
50014708;Tym Kueffner;Mann;6.9.1944;64579 Gernsheim;Hessen;DE
50014379;Ugochukwu Schwartling;Mann;5.6.1962;84574 Taufkirchen;Bayern;DE
50014657;Uli BurkmĂĽller;Frau;6.7.1953;22453 Hamburg;Hamburg;AT
50014175;Ursel Haverkemper;Frau;4.10.2002;67806 DĂ¶rnbach;Rheinland-Pfalz;AT
50014093;Uyiosa Naymann;Mann;4.6.1977;66484 GroĂźsteinhausen;Rheinland-Pfalz;AT
50014249;Vakkas Wondraczek;Mann;4.10.1927;31515 Wunstorf;Niedersachsen;SK
50014424;Valeriyovych Kellermann;Mann;5.8.1978;33189 Schlangen;Nordrhein-Westfalen;AT
50014316;Valo Oldrich;Mann;4.4.1962;6110 Halle;Sachsen-Anhalt;SK
50014034;Vega Frohnwieser;Frau;3.3.1935;14728 Gollenberg;Brandenburg;DE
50014687;Viktorya Brauns;Frau;6.8.1934;95349 Thurnau;Bayern;DE
50014374;Vincent-Constantin LĂ¶flad;Mann;5.6.1940;23881 Borstorf;Schleswig-Holstein;AT
50014126;Vitus KĂĽhlwein;Mann;4.7.1979;37647 Polle;Niedersachsen;SK
50014693;VĹ© Reinschmidt;Frau;6.8.1944;17348 Mildenitz;Mecklenburg-Vorpommern;DE
50014489;Volker Weissleder;Mann;5.11.1935;19406 Sternberg;Mecklenburg-Vorpommern;AT
50014506;Walli Rauber;Mann;5.11.1956;89440 Lutzingen;Bayern;DE
50014523;Welf Rheinhardt;Mann;5.10.1942;35792 LĂ¶hnberg;Hessen;DE
50014511;Wikko Achterkamp;Mann;5.10.1963;94256 Drachselsried;Bayern;DE
50014572;Wiko Buchmiller;Mann;5.3.1959;89426 Wittislingen;Bayern;AT
50014756;Wilhelm Schlossmann;Mann;6.11.1995;99996 Menteroda;ThĂĽringen;AT
50014144;Willie SchĂ¤rfer;Mann;4.8.1948;39615 SchĂ¶nberg;Sachsen-Anhalt;SK
50014777;Wojtek Kreft;Mann;6.12.2008;30952 Ronnenberg;Niedersachsen;AT
50014684;Wome Papmeier;Mann;6.7.1944;91230 Happurg;Bayern;DE
50014227;Wu Bakirtas;Mann;4.11.1989;8262 Tannenbergsthal/Vogtland;Sachsen;DE
50014592;Xenyus Baraniok;Mann;5.5.1956;76779 Scheibenhardt;Rheinland-Pfalz;DE
50014158;Yaassin StrĂ¤Ăźle;Mann;4.9.1934;16866 Gumtow;Brandenburg;SK
50014620;Yakob GrĂĽnenthal;Mann;6.5.1974;29633 Munster;Niedersachsen;DE
50014681;Yamur Weitzenkorn;Mann;6.7.1930;19217 Wedendorf;Mecklenburg-Vorpommern;DE
50014107;Yan KohlhĂ¶fer;Mann;4.6.1965;95179 GeroldsgrĂĽn;Bayern;DE
50014677;Yanay Szymainski;Frau;6.7.2009;23738 Beschendorf;Schleswig-Holstein;DE
50014251;Yasmeen Reychmann;Frau;4.10.1960;12679 Berlin;Berlin;AT
50014498;YeĹźim Markardt;Frau;5.11.1974;57610 Ingelbach;Rheinland-Pfalz;DE
50014680;Ylenia Junker;Frau;6.7.1929;74337 Botenheim;Baden-WĂĽrttemberg;AT
50014276;Yoko Aksu;Frau;4.1.1960;67742 Herren-Sulzbach;Rheinland-Pfalz;DE
50014133;Yordan Borgert;Mann;4.7.2003;22089 Hamburg Marienthal;Hamburg;SK
50014419;Yuechen Weinzirl;Frau;5.8.1985;91480 Markt Taschendorf;Bayern;AT
50014700;Yully GraĂźkemper;Frau;6.8.1982;67281 Bissersheim;Rheinland-Pfalz;AT
50014088;Yunhi Kreickemeier;Frau;4.5.1944;19079 Banzkow;Mecklenburg-Vorpommern;SK
50014333;Yuval Hadamzik;Frau;4.5.1948;49170 Hagen am Teutoburger Wald;Niedersachsen;AT
50014733;Yuzheng Nemetschek;Frau;6.11.1922;98544 Zella-Mehlis;ThĂĽringen;AT
50014745;Zahid Fahrendholz;Mann;6.11.1983;56112 Lahnstein;Rheinland-Pfalz;AT
50014734;ZĂĽnbĂĽl Ditchen;Frau;6.11.1936;57629 Steinebach an der Wied;Rheinland-Pfalz;DE
50014216;Zang-Feng VĂ¶llert;Mann;4.12.1953;79578 Steinen;Baden-WĂĽrttemberg;AT
50014703;Zavosh Hinze;Mann;6.8.1924;39343 Bregenstedt;Sachsen-Anhalt;SK
50014357;ZÄ±nar Dittchrist;Mann;5.6.1959;54552 Ăśdersdorf;Rheinland-Pfalz;SK
50014383;Zbigniew EichmĂĽller;Mann;5.6.2006;83737 Irschenberg;Bayern;AT
50014315;Zeki Grabau;Mann;4.4.1926;57319 Bad Berleburg SchĂĽllar;Nordrhein-Westfalen;AT
50014277;Zeyn KĂ¶seler;Mann;4.1.1984;91592 Buch am Wald;Bayern;SK
50014363;Zierin Klugermann;Frau;5.6.1957;70376 Stuttgart;Baden-WĂĽrttemberg;AT
50014347;Zoya Deppert;Frau;5.5.1923;1127 Dresden;Sachsen;AT
50014314;Zozan Mittermeir;Frau;4.4.1920;36148 Kalbach;Hessen;DE
