CID;Meno/Priezvisko;Priezvisko;Tituly pred;Pohlavie;Datum narodenia;PSČ;Mesto;Kraj;Danovy domicil2
20003060;Róbert;Tester;JUDr.;muž;19.4.1963;84103;Bratislava;Bratislava;SR
20003177;JĂłel-Louis;Nonnweiler;;muž;06.50.1993;49451;Holdorf;Niedersachsen;DE
20004880;ManoĂ©;Niedermann;;muž;06.50.2004;95502;Himmelkron;Bayern;DE
20000106;Seval;Gundelach;;žena;06.51.1933;21629;Neu Wulmstorf;Niedersachsen;DE
20000922;Nawal;Alexeev;;žena;06.51.1955;39114;Magdeburg;Sachsen-Anhalt;DE
20004816;AngĂ¨le;Feichtl;;žena;06.51.1964;75337;EnzklĂ¶sterle;Baden-WĂĽrttemberg;DE
20005239;Vyktoria;Loehmann;;žena;06.51.1967;52393;HĂĽrtgenwald;Nordrhein-Westfalen;DE
20004220;Themistoklis;Pauel;;muž;06.51.1989;16909;Heiligengrabe Blandikow;Brandenburg;DE
20004203;HĂ˘n;Everard;;žena;06.51.1993;64859;Eppertshausen;Hessen;DE
20000501;Ton;Siekoetter;;muž;06.52.1922;56133;Fachbach;Rheinland-Pfalz;DE
20005847;Rashkova;Krohmer;;žena;06.52.2000;96528;Frankenblick;ThĂĽringen;DE
20004355;Jamen-Paul;SĂ¶zen;;muž;06.53.1923;71570;Oppenweiler;Baden-WĂĽrttemberg;DE
20008552;Lillien;FĂĽchtemann;;žena;06.53.1927;27751;Delmenhorst;Niedersachsen;DE
20008609;Evla;SchĂ¶newolff;;žena;06.53.1932;24937;Flensburg;Schleswig-Holstein;DE
20000393;GĂĽlin;Harding;;žena;06.53.1952;7646;Renthendorf;ThĂĽringen;DE
20001948;Marlee;GĂ¶k;;žena;06.53.1975;23911;Salem;Schleswig-Holstein;DE
20002429;Mori;Reitschmidt;;muž;06.54.1933;19348;Baek;Brandenburg;DE
20009476;Fabiano;Adomait;;muž;06.54.2004;31552;Apelern Kleinhegesdorf;Niedersachsen;DE
20004743;Emmabelle;Kopietz;;žena;06.54.2008;57629;Norken;Rheinland-Pfalz;DE
20003566;Mafuta;Schneidereitt;;žena;06.55.1930;3253;Werenzhain;Brandenburg;DE
20008827;Laeticia;ThĂ¶nĂźen;;žena;06.55.1944;14641;GroĂź Behnitz;Brandenburg;DE
20009296;SelĂ§uk;Navratova;;muž;06.55.1957;91177;ThalmĂ¤ssing;Bayern;DE
20002015;Aleida;Schniers;;žena;06.55.1959;1277;Dresden Striesen;Sachsen;DE
20008211;Yamila;Benedig;;žena;06.55.1960;19059;Schwerin;Mecklenburg-Vorpommern;DE
20000833;Ayla-Samira;BĂ¶diger;;žena;06.55.1969;47623;Kevelaer;Nordrhein-Westfalen;DE
20005200;Amir-Ghassan;Buescher;;muž;06.55.1972;49170;Hagen am Teutoburger Wald;Niedersachsen;DE
20008131;Dijwar;LĂ¶fflad;;muž;06.55.1999;86747;Maihingen;Bayern;DE
20002466;Parastesch;Matthews;;žena;06.55.2001;3226;Suschow;Brandenburg;DE
20007020;Haro;Riggers;;muž;06.55.2008;14547;Beelitz;Brandenburg;DE
20002099;Zisan;Coen;;žena;06.56.1932;17091;Breesen;Mecklenburg-Vorpommern;DE
20003888;Jethro;Budwilowitz;;muž;06.56.1942;17139;Kummerow;Mecklenburg-Vorpommern;DE
20005156;Annabell-Marie;Karlitschek;;žena;06.56.1957;58339;Breckerfeld;Nordrhein-Westfalen;DE
20004976;Alfadl;Reberg;;muž;06.56.1959;15806;Rehagen;Brandenburg;DE
20004358;Ziyad;Burkel;;muž;06.57.1924;6785;Brandhorst;Sachsen-Anhalt;DE
20004002;Plamena;Holte;;žena;06.57.1928;99628;Ellersleben;ThĂĽringen;DE
20002677;Singh;Brenkes;;muž;06.57.1930;6667;Uichteritz;Sachsen-Anhalt;DE
20005910;Josef;Koether;;muž;06.57.1946;55234;Offenheim;Rheinland-Pfalz;DE
20000967;Dala;Arensmeier;;žena;06.57.1948;16798;Himmelpfort;Brandenburg;DE
20003238;Adjoa;Mertensmeyer;;žena;06.57.2001;91480;Markt Taschendorf;Bayern;DE
20008994;Kelyce;GrĂĽnrock;;žena;06.58.1928;31737;Rinteln Friedrichswald;Niedersachsen;DE
20007317;Jovan;ZĂĽmrĂĽt;;muž;06.58.1940;34414;Warburg;Nordrhein-Westfalen;DE
20003816;Thure;WiĂźkopp;;muž;06.58.1988;53115;Bonn;Nordrhein-Westfalen;DE
20008504;NoĂ©;Baist;;muž;06.58.1996;6386;Libbesdorf;Sachsen-Anhalt;DE
20005814;Amelie-Sofie;Hintermeyer;;žena;06.59.1936;19258;Schwanheide;Mecklenburg-Vorpommern;DE
20009664;Luca-Jaron;Schmidpeter;;muž;06.59.1944;99837;Berka/Werra;ThĂĽringen;DE
20007501;Safija-Laureen;Gotfrid;;žena;06.59.1958;26316;Varel Jethausen;Niedersachsen;DE
20003882;Yelbi;Theisling;;žena;07.00.1948;57439;Attendorn;Nordrhein-Westfalen;DE
20003189;AlptuÄź;RĂ¶lf;;muž;07.00.1990;97720;NĂĽdlingen;Bayern;DE
20004977;Iremide;Heidemann;;muž;07.00.1992;97922;Lauda-KĂ¶nigshofen;Baden-WĂĽrttemberg;DE
20002565;Arjun;Malinovskiy;;muž;07.00.1999;22769;Hamburg Altona-Altstadt;Hamburg;DE
20003824;Finn-Joel;Quednow;;muž;07.00.2001;39291;Reesdorf;Sachsen-Anhalt;DE
20000579;Dalya;BlĂ¤sius;;žena;07.13.1936;97234;Reichenberg;Bayern;DE
20006541;Kodwo;Pranaitis;;muž;07.13.1943;19205;Pokrent;Mecklenburg-Vorpommern;DE
20004597;Crystel;Stompfe;;žena;07.13.1952;19348;GĂĽlitz-Reetz;Brandenburg;DE
20002942;Aliyas;Neitzell;;muž;07.13.1963;23948;GroĂź Walmstorf;Mecklenburg-Vorpommern;DE
20008856;Maymouna;Bayrakli;;žena;07.13.1986;26489;Ochtersum;Niedersachsen;DE
20009511;Meryem;Buckenmeier;;žena;07.14.1926;31246;Lahstedt;Niedersachsen;DE
20008288;Usama;DĂ¤nert;;muž;07.14.1932;79692;Elbenschwand;Baden-WĂĽrttemberg;DE
20000427;Ava-Mariama;Clausjohannes;;žena;07.14.1943;82387;Antdorf;Bayern;DE
20002724;AyĂş;WeinschĂĽtz;;muž;07.14.1977;7589;MĂĽnchenbernsdorf;ThĂĽringen;DE
20004560;Fatma;Wilde;;žena;07.14.2004;39359;CalvĂ¶rde;Sachsen-Anhalt;DE
20004701;Veli;Krauth;;muž;07.15.1926;25554;Dammfleth;Schleswig-Holstein;DE
20003519;Demirova;Kaczmarzyk;;žena;07.15.1929;26553;Dornum Dornumergrode;Niedersachsen;DE
20005359;Deljan;KlinkerfuĂź;;muž;07.15.1941;4668;Parthenstein;Sachsen;DE
20003197;Tyron-John;FĂĽrstenow;;muž;07.15.1973;15732;Eichwalde;Brandenburg;DE
20005278;Phoebe;Hoffrichter;;žena;07.16.1966;99848;Wutha-Farnroda;ThĂĽringen;DE
20007270;Yasujiro;Wiezoreck;;muž;07.16.1973;22049;Hamburg Dulsberg;Hamburg;DE
20009578;Tu;Demirhan;;muž;07.16.1980;6467;Hoym;Sachsen-Anhalt;DE
20008333;Yunus-Ensar;Stockheim;;muž;07.16.1988;97348;RĂ¶delsee;Bayern;DE
20004505;Aliyan;Fruhauf;;muž;07.17.1935;82340;Feldafing;Bayern;DE
20007581;Gertje;Michalko;;žena;07.17.1943;31552;Apelern;Niedersachsen;DE
20001816;NoĂ©;Trachsler;;muž;07.17.1948;85643;SteinhĂ¶ring;Bayern;DE
20006134;Theodore;Geissdorf;;žena;07.17.1976;19294;MalliĂź;Mecklenburg-Vorpommern;DE
20009930;Ionatan;Himmelstein;;muž;07.17.1985;29562;Suhlendorf;Niedersachsen;DE
20002940;Samuli;Raichle;;muž;07.17.1987;39240;GlĂ¶the;Sachsen-Anhalt;DE
20009770;Bircan;Bast;;žena;07.17.1995;17498;Neuenkirchen;Mecklenburg-Vorpommern;DE
20006462;Ă–zge;Bernazky;;žena;07.17.2004;34233;Fuldatal;Hessen;DE
20003333;Misa;Bertz;;muž;07.18.1922;55765;Rimsberg;Rheinland-Pfalz;DE
20008599;Lowe;Funfrock;;muž;07.18.1937;15898;Lawitz;Brandenburg;DE
20001462;Milian;Claussner;;muž;07.18.1951;99887;Herrenhof;ThĂĽringen;DE
20005201;Flavio;Neitzsch;;muž;07.18.1961;91189;Rohr;Bayern;DE
20000081;DĂ˘niel;Pecht;;muž;07.18.1978;37308;Wiesenfeld;ThĂĽringen;DE
20002533;Ylwa;Kallert;;žena;07.18.1992;7426;DrĂ¶bischau;ThĂĽringen;DE
20001409;Filippo;FetkĂ¶ter;;muž;07.19.1923;88339;Bad Waldsee;Baden-WĂĽrttemberg;DE
20006276;Ä°lkcan;Nikel;;muž;07.19.1931;36396;Steinau an der StraĂźe;Hessen;DE
20002989;Zinedine;Kizilpinar;;muž;07.19.1934;40476;DĂĽsseldorf;Nordrhein-Westfalen;DE
20004424;Lorelei;Wastelhuber;;žena;07.19.1945;76185;Karlsruhe;Baden-WĂĽrttemberg;DE
20004846;Hilmar;Meklenborg;;muž;07.19.1970;28779;Bremen;Bremen;DE
20006487;Onur;Rotweiler;;muž;07.19.1988;6727;DĂ¶bris;Sachsen-Anhalt;DE
20003213;Silvano;Bruenner;;muž;07.19.1988;3253;SchĂ¶newalde;Brandenburg;DE
20000155;Malwin;Kamensky;;muž;07.19.1992;26629;GroĂźefehn Felde;Niedersachsen;DE
20008380;Darryn;Scholtyschik;;muž;07.19.2000;79279;VĂ¶rstetten;Baden-WĂĽrttemberg;DE
20002705;Robina;Kucerova;;žena;07.20.1941;54655;Usch;Rheinland-Pfalz;DE
20004148;SergeeviÄŤ;Siebenweiber;;muž;07.20.1957;40549;DĂĽsseldorf;Nordrhein-Westfalen;DE
20007818;Rikus;StĂĽmpflen;;muž;07.20.1960;23863;Nienwohld;Schleswig-Holstein;DE
20008695;Satou;KlĂĽsserath;;žena;07.20.1961;37586;Dassel;Niedersachsen;DE
20008218;Momoh;Franznick;;muž;07.20.1982;26553;Dornum Dornumersiel;Niedersachsen;DE
20005435;Milton;Pruehs;;muž;07.20.2002;67294;Stetten;Rheinland-Pfalz;DE
20006891;Erol;Weishaupt;;žena;07.21.1933;97320;Sulzfeld am Main;Bayern;DE
20008773;Serafina;Cetinbas;;žena;07.21.1949;29471;Gartow Gartow;Niedersachsen;DE
20010005;Erhard;Wever;;muž;07.21.1959;83229;Aschau im Chiemgau;Bayern;DE
20000601;Elza;Johanesson;;žena;07.21.1960;6536;Berga;Sachsen-Anhalt;DE
20009803;Luigi;Hartle;;muž;07.21.1971;6333;Quenstedt;Sachsen-Anhalt;DE
20008501;Suliman;Urbaincyk;;muž;07.21.1999;18556;Dranske;Mecklenburg-Vorpommern;DE
20006979;Lucile;Fernkorn;;žena;07.22.1926;53902;Bad MĂĽnstereifel;Nordrhein-Westfalen;DE
20003320;Densua;Dietle;;žena;07.22.1961;16775;Barsdorf;Brandenburg;DE
20008115;Didar;Froschmayr;;muž;07.22.1997;54349;Trittenheim;Rheinland-Pfalz;DE
20000249;Newroz;Schnitgerhans;;žena;07.23.1943;76889;Steinfeld;Rheinland-Pfalz;DE
20003700;Fotini;Rolleder;;žena;07.23.1968;19399;Neu Poserin;Mecklenburg-Vorpommern;DE
20009997;Berkay;MartienĂźen;;muž;07.23.1969;29496;Waddeweitz Dickfeitzen;Niedersachsen;DE
20004772;Mushka;GĂ¶rlacher;;žena;07.23.1980;91477;Markt Bibart;Bayern;DE
20007714;Timur;Koenemann;;muž;07.23.1982;19386;Granzin;Mecklenburg-Vorpommern;DE
20001511;Ove;Kruth;;muž;07.23.2008;48361;Beelen;Nordrhein-Westfalen;DE
20007404;Brown;Anton;;muž;07.24.1925;74582;Gerabronn;Baden-WĂĽrttemberg;DE
20005183;Shilo;Hofschultz;;muž;07.24.1925;91448;Emskirchen;Bayern;DE
20005996;Elias-Leon;Biyiklioglu;;muž;07.24.1928;57413;Finnentrop;Nordrhein-Westfalen;DE
20000333;Sadia;Widmayr;;žena;07.24.1946;94244;Geiersthal;Bayern;DE
20007097;Trang;von Hauch;;žena;07.24.1973;9306;Rochlitz;Sachsen;DE
20000971;Sebahat;WeiĂźhĂ¤uptel;;žena;07.24.1985;84550;Feichten an der Alz;Bayern;DE
20008122;Ä°mam;Schubotz;;muž;07.24.1995;98744;OberweiĂźbach;ThĂĽringen;DE
20005447;Aden;Nafrodt;;muž;07.25.1940;31629;Estorf Leeseringen;Niedersachsen;DE
20001780;Fiona-Isabell;Klingen;;žena;07.25.1954;6636;Burgscheidungen;Sachsen-Anhalt;DE
20007711;SalomĂ©;Meinart;;žena;07.25.1960;69234;Dielheim;Baden-WĂĽrttemberg;DE
20002697;Theodoros;Meinhard;;muž;07.25.1966;31683;Obernkirchen RĂ¶hrkasten;Niedersachsen;DE
20003453;Dyllan;Gepel;;muž;07.25.1967;6926;Reicho;Sachsen-Anhalt;DE
20006835;Robyn;Nitzold;;muž;07.25.1968;37287;Wehretal;Hessen;DE
20006414;Ĺževval;Eretge;;žena;07.25.1971;82024;Taufkirchen;Bayern;DE
20009122;Tschi;Neumeyr;;žena;07.25.1975;55621;Hundsbach;Rheinland-Pfalz;DE
20005158;Abhay;Osterkamp;;muž;07.25.1990;15741;GrĂ¤bendorf;Brandenburg;DE
20001607;Temiola;Lenkheit;;žena;07.25.1992;99837;GroĂźensee;ThĂĽringen;DE
20006418;Atakaan;Rugbart;;muž;07.25.1994;39638;Algenstedt;Sachsen-Anhalt;DE
20005764;Konstancja;Maevis;;žena;07.26.1922;4668;ThĂĽmmlitzwalde;Sachsen;DE
20008138;Ervina;Dietlmeier;;žena;07.26.1934;92445;Neukirchen-Balbini;Bayern;DE
20005240;Sofica;Heinzlmann;;žena;07.26.1961;93356;Teugn;Bayern;DE
20000897;Mijo;Haensen;;muž;07.26.1981;57612;Eichelhardt;Rheinland-Pfalz;DE
20006138;Mattheo;DisselkĂ¶tter;;muž;07.26.1991;2929;Rothenburg/Oberlausitz;Sachsen;DE
20001344;Alexandru;VoĂźhans;;muž;07.26.1994;14532;Nudow;Brandenburg;DE
20008148;Adell;Stelzle;;muž;07.26.1998;76599;Weisenbach;Baden-WĂĽrttemberg;DE
20000717;Bailey-Maria;Kovalskyy;;žena;07.26.2004;69429;Waldbrunn;Baden-WĂĽrttemberg;DE
20002495;Alseinie;SchultheĂź;;muž;07.26.2005;37574;Einbeck;Niedersachsen;DE
20006561;Lew;Werndle;;muž;07.27.1939;31691;Helpsen Kirchhorsten;Niedersachsen;DE
20007339;Luna-Sophia;SchwĂ¤gerle;;žena;07.27.1946;54597;Wallersheim;Rheinland-Pfalz;DE
20008728;Cay;Siemeit;;žena;07.27.1963;23556;LĂĽbeck;Schleswig-Holstein;DE
20006854;HĂ©loĂŻse;Johannhsen;;žena;07.27.1981;25884;ViĂ¶l;Schleswig-Holstein;DE
20008203;KĂ¶kalp;Straker;;muž;07.27.1985;54597;Balesfeld;Rheinland-Pfalz;DE
20002279;Nahal;UĂźkurat;;žena;07.28.1963;49751;Werpeloh;Niedersachsen;DE
20000580;Valea;Fabritsius;;žena;07.28.1991;15711;Zeesen;Brandenburg;DE
20008127;Avraam;Schimeck;;muž;07.28.1992;23923;GroĂź Siemz;Mecklenburg-Vorpommern;DE
20001815;Joshiko;Alhas;;muž;07.28.1996;30449;Hannover;Niedersachsen;DE
20001389;Kah;DĂ¶rfel;;žena;07.28.2005;39288;Burg;Sachsen-Anhalt;DE
20008348;Meja;Kadri;;žena;07.29.1921;97638;Mellrichstadt;Bayern;DE
20000205;Hotte;SchĂ¤permeyer;;muž;07.29.1936;36469;Tiefenort;ThĂĽringen;DE
20006675;Jaad;Kirschenbauer;;muž;07.29.1959;24796;Bovenau;Schleswig-Holstein;DE
20003338;Noah-Luan;Schneidmiller;;muž;07.29.1971;1920;Haselbachtal;Sachsen;DE
20009881;Shiyan;Backhaus;;muž;07.29.1985;28876;Oyten;Niedersachsen;DE
20002839;JenĂ¶;Lammerich;;muž;07.29.1996;38170;Winnigstedt;Niedersachsen;DE
20003669;Dean-Deryan;Zunftmeister;;muž;07.30.1925;25856;Hattstedtermarsch;Schleswig-Holstein;DE
20005373;Sabeel;Pauluck;;muž;07.30.1932;91161;Hilpoltstein;Bayern;DE
20006907;Jurie;KĂ¤uffert;;žena;07.30.1954;77791;Berghaupten;Baden-WĂĽrttemberg;DE
20005706;Metin-Werner;Froelich;;muž;07.30.1992;6528;BrĂĽcken;Sachsen-Anhalt;DE
20000857;Mandalina;Freischmidt;;žena;07.31.1938;54516;FluĂźbach;Rheinland-Pfalz;DE
20009048;Eloghene;Zischg;;žena;07.31.1945;54570;Pelm;Rheinland-Pfalz;DE
20007925;Heja;Willecke;;žena;07.31.1965;17129;VĂ¶lschow;Mecklenburg-Vorpommern;DE
20005707;Revend;Mikulla;;muž;07.31.1978;24376;Kappeln;Schleswig-Holstein;DE
20002704;Jamina;Holzman;;žena;07.31.1982;67311;Tiefenthal;Rheinland-Pfalz;DE
20000846;Holger;Westkemper;;muž;07.31.1992;94366;Perasdorf;Bayern;DE
20008006;Tibor;Leisse;;muž;07.31.2002;30938;Burgwedel;Niedersachsen;DE
20003505;Abdelrahman;Nicholls;;muž;07.31.2002;34388;Trendelburg;Hessen;DE
20004323;Shehrazad;Ibisoglu;;žena;07.32.1933;13439;Berlin;Berlin;DE
20004652;Adrian-Leon;Bednarek;;muž;07.32.1948;64521;GroĂź-Gerau;Hessen;DE
20009637;Levius;NĂĽckles;;muž;07.32.1951;31634;Steimbke;Niedersachsen;DE
20005919;Aykut;Fiedlers;;muž;07.32.1953;39288;Burg;Sachsen-Anhalt;DE
20009169;Cano;Krumfus;;muž;07.32.1960;55471;Biebern;Rheinland-Pfalz;DE
20009284;Laye;Laydecker;;muž;07.32.1967;57518;Betzdorf;Rheinland-Pfalz;DE
20004779;Zhengru;Kowatschitsch;;žena;07.32.1967;78730;Lauterbach;Baden-WĂĽrttemberg;DE
20006403;Bengt;HĂ¤berli;;muž;07.32.2003;49757;Werlte;Niedersachsen;DE
20007943;Petrovna;Kramschneider;;žena;07.33.1921;95180;Berg;Bayern;DE
20006793;Peaches;Lammert;;žena;07.33.1962;1705;Freital;Sachsen;DE
20003534;Lidiyev;Hinckfoot;;muž;07.33.1966;26556;Nenndorf;Niedersachsen;DE
20004365;Shireen;Kupferschmidt;;žena;07.33.1981;17129;Alt Tellin;Mecklenburg-Vorpommern;DE
20000237;Yu-Min;Polazek;;muž;07.33.2003;55413;Manubach;Rheinland-Pfalz;DE
20006195;Pyro;Kamminski;;muž;07.34.1922;26506;Norden Leybuchtpolder;Niedersachsen;DE
20005942;Hannah-Tabea;Zimmerlein;;žena;07.34.1927;29416;ChĂĽden;Sachsen-Anhalt;DE
20009969;Cem;Wisotzki;;muž;07.34.1933;67697;Otterberg;Rheinland-Pfalz;DE
20003277;Darwina;Schefzik;;žena;07.34.1939;39122;Magdeburg;Sachsen-Anhalt;DE
20002754;Hilla;PferdekĂ¤mper;;žena;07.34.1944;54675;Utscheid;Rheinland-Pfalz;DE
20001058;Athanasios;Knot;;muž;07.34.1949;56330;Kobern-Gondorf;Rheinland-Pfalz;DE
20005407;Licia;Cordier;;žena;07.34.1952;6254;Zweimen;Sachsen-Anhalt;DE
20004651;Lendi;Stankewizius;;muž;07.34.1968;97702;MĂĽnnerstadt;Bayern;DE
20001550;Floribella;Hassenzahl;;žena;07.34.1982;16928;Heiligengrabe Blumenthal;Brandenburg;DE
20004087;Meleknaz;Canatar;;žena;07.34.1986;88631;Beuron;Baden-WĂĽrttemberg;DE
20008567;Loi;Kubet;;muž;07.34.1995;67808;Ransweiler;Rheinland-Pfalz;DE
20004476;Sarah-Maria;Stankevicius;;žena;07.35.1929;22549;Hamburg Bahrenfeld;Hamburg;DE
20006387;Njuguna;Kalk;;muž;07.35.1937;55469;Budenbach;Rheinland-Pfalz;DE
20004697;Christophorus;Segenschmidt;;muž;07.35.1970;4603;Nobitz;ThĂĽringen;DE
20007842;Mahmmoud;Robin;;muž;07.35.1998;45883;Gelsenkirchen;Nordrhein-Westfalen;DE
20004863;Leonie-Michelle;Cetinbag;;žena;07.35.1999;76774;Leimersheim;Rheinland-Pfalz;DE
20007140;Mia-Jolie;Jenzen;;žena;07.36.1923;76764;Rheinzabern;Rheinland-Pfalz;DE
20001022;Sana;ĂśstĂĽn;;žena;07.36.1935;29416;Kuhfelde;Sachsen-Anhalt;DE
20001557;Dragon;Behrens;;muž;07.36.1937;60528;Frankfurt am Main;Hessen;DE
20007721;Davit;Witzleb;;žena;07.36.1943;74639;Zweiflingen;Baden-WĂĽrttemberg;DE
20003327;Braden;Bargen;;muž;07.36.2008;87527;Ofterschwang;Bayern;DE
20009225;Katheryne;Breyer;;žena;07.37.1922;86971;Peiting;Bayern;DE
20008395;Ana-Maria;Klopffleisch;;žena;07.37.1936;49685;Emstek;Niedersachsen;DE
20003496;Sijbrand;Pauleweit;;muž;07.37.1952;78595;Hausen ob Verena;Baden-WĂĽrttemberg;DE
20003605;Benice;Gerhartl;;žena;07.38.1929;63906;Erlenbach am Main;Bayern;DE
20003966;Manoah;Fastnacht;;muž;07.38.1939;10711;Berlin;Berlin;DE
20005379;Ghufran;Guender;;žena;07.38.1964;27321;Thedinghausen;Niedersachsen;DE
20009189;Emanuell;Gruhnwald;;muž;07.38.1966;89287;Bellenberg;Bayern;DE
20009079;Wilma;Kreuthmaier;;žena;07.38.1975;17039;Neddemin;Mecklenburg-Vorpommern;DE
20008386;Omojowo;von Gise;;žena;07.38.1992;91732;Merkendorf;Bayern;DE
20000905;Mensur;Layendecker;;muž;07.38.2002;36214;Nentershausen;Hessen;DE
20006670;Mija;Schuh;;žena;07.38.2004;26624;SĂĽdbrookmerland Moordorf;Niedersachsen;DE
20003922;Edizhan;Zerwek;;muž;07.39.1923;92712;Pirk;Bayern;DE
20003059;Tiantian;Steen;;žena;07.39.1923;69245;Bammental;Baden-WĂĽrttemberg;DE
20000705;Momoh;Doleschall;;muž;07.39.1931;85131;Pollenfeld;Bayern;DE
20008271;Qihang;MĂ¤rklen;;muž;07.39.1939;82547;Eurasburg;Bayern;DE
20004935;Marthel;Staeudlein;;žena;07.39.1946;99947;Neunheilingen;ThĂĽringen;DE
20004409;Zahide;Sitzius;;žena;07.39.2006;25704;ElpersbĂĽttel;Schleswig-Holstein;DE
20001513;Aryaam;Linnhose;;žena;07.40.1971;64283;Darmstadt;Hessen;DE
20004686;Maris;Pipereit;;muž;07.40.1987;29451;Dannenberg (Elbe) Riekau;Niedersachsen;DE
20003860;Ilyess;Epperlein;;muž;07.40.1987;13437;Berlin;Berlin;DE
20001218;Mariusz;Radovanic;;muž;07.41.1927;70597;Stuttgart;Baden-WĂĽrttemberg;DE
20001091;Jaiden;Sari;;muž;07.41.1942;57629;MĂĽschenbach;Rheinland-Pfalz;DE
20003093;Halil-Can;Ehlers;;muž;07.41.1943;10318;Berlin;Berlin;DE
20002948;Nahbila;Falkenbergs;;žena;07.41.1944;2708;Rosenbach;Sachsen;DE
20004815;Lissandra;Ondrej;;žena;07.41.1958;39615;Falkenberg;Sachsen-Anhalt;DE
20005965;Gwendolin;Stanszus;;žena;07.41.1997;41238;MĂ¶nchengladbach;Nordrhein-Westfalen;DE
20008082;Clarisse;Hren;;žena;07.42.1920;4720;Ziegra-Knobelsdorf;Sachsen;DE
20009971;Padmavati;Gepert;;žena;07.42.1940;99510;Wiegendorf;ThĂĽringen;DE
20005816;Cataleya-Virginia;Caymaz;;žena;07.42.1969;99947;Issersheilingen;ThĂĽringen;DE
20003103;Pippa;WĂĽlfrath;;žena;07.42.1989;44649;Herne;Nordrhein-Westfalen;DE
20001769;Flinn;KĂĽttelwesch;;muž;07.42.2001;24872;GroĂź Rheide;Schleswig-Holstein;DE
20003812;Imad;Celepci;;muž;07.43.1930;56812;Dohr;Rheinland-Pfalz;DE
20002105;Aton;Handwerck;;žena;07.43.1934;15831;Mahlow;Brandenburg;DE
20003911;Mahdiya;Nawratil;;žena;07.43.1944;6917;Jessen (Elster) Schweinitz;Sachsen-Anhalt;DE
20007425;Thalia;Goedecke;;žena;07.43.1963;21762;Osterbruch;Niedersachsen;DE
20005936;Falik;Merkeli;;žena;07.43.1969;87757;Kirchheim in Schwaben;Bayern;DE
20006687;Yuliyanov;Jonuscheit;;muž;07.43.1980;36154;Hosenfeld;Hessen;DE
20006076;Ailsa;Harm;;žena;07.43.1992;17219;MĂ¶llenhagen;Mecklenburg-Vorpommern;DE
20005786;Monrada;Meynert;;žena;07.43.2007;26452;Sande Sande;Niedersachsen;DE
20004427;Delf;Bajorath;;muž;07.43.2009;31079;Almstedt;Niedersachsen;DE
20002440;Yvonne;Lenarz;;žena;07.44.1932;35576;Wetzlar;Hessen;DE
20008895;JamilĂ©;Dithmar;;žena;07.44.1953;19395;Ganzlin;Mecklenburg-Vorpommern;DE
20002240;AbdĂĽlhamid;Dettmer;;muž;07.44.1959;30521;Hannover;Niedersachsen;DE
20005013;Mamodou;Tetzlow;;muž;07.44.1964;40489;DĂĽsseldorf;Nordrhein-Westfalen;DE
20009520;Jordan-Joelina;Kisaoglu;;žena;07.45.1927;31033;BrĂĽggen;Niedersachsen;DE
20009316;Sayani;Adatepe;;muž;07.45.1948;59457;Werl;Nordrhein-Westfalen;DE
20009364;Finja;Rheinfrank;;žena;07.45.1961;85298;Scheyern;Bayern;DE
20000175;Zola;Warmund;;žena;07.45.1961;40211;DĂĽsseldorf;Nordrhein-Westfalen;DE
20002095;Yashar;Kornehl;;muž;07.45.2000;55234;Flomborn;Rheinland-Pfalz;DE
20006640;DĂ¶nĂĽs;Weeber;;žena;07.45.2005;56357;StrĂĽth;Rheinland-Pfalz;DE
20001159;Natasha;Saulheimer;;žena;07.46.1923;18442;Wendorf;Mecklenburg-Vorpommern;DE
20008739;Olek;Ebersmann;;muž;07.46.1944;6449;Neu KĂ¶nigsaue;Sachsen-Anhalt;DE
20008100;Heie;Hauptfleisch;;žena;07.46.1960;97285;RĂ¶ttingen;Bayern;DE
20004116;Abir;BrĂĽckenbauer;;žena;07.46.1966;98553;Eichenberg;ThĂĽringen;DE
20005209;Ofelia;Glaus;;žena;07.46.1985;35428;LanggĂ¶ns;Hessen;DE
20004154;Dlovan;Markes;;muž;07.46.1986;7616;Poxdorf;ThĂĽringen;DE
20001246;Arsen;Sitzius;;žena;07.46.1986;97264;Helmstadt;Bayern;DE
20008488;Adile;Schickle;;žena;07.46.1992;4685;Nerchau;Sachsen;DE
20001275;Minka;Janoschka;;žena;07.47.1956;29497;Woltersdorf;Niedersachsen;DE
20004290;Eliama;GĂĽtlin;;žena;07.47.1968;83132;Pittenhart;Bayern;DE
20002084;Nante;Vogedes;;muž;07.47.2005;26624;SĂĽdbrookmerland Oldeborg;Niedersachsen;DE
20006377;Neuhaus;GĂ¶hrmann;;žena;07.48.1935;24214;Lindau;Schleswig-Holstein;DE
20005162;Denni;Kazimierczyk;;muž;07.48.1942;15913;Dollgen;Brandenburg;DE
20004563;Jeanelle;Vogedes;;žena;07.48.1963;54341;Fell;Rheinland-Pfalz;DE
20000944;GĂĽlbahar;Woern;;žena;07.48.1965;21394;SĂĽdergellersen;Niedersachsen;DE
20002138;Tran;Kleusser;;žena;07.48.2007;24594;Jahrsdorf;Schleswig-Holstein;DE
20007035;Dimana;Tkacencko;;žena;07.49.1931;21075;Hamburg EiĂźendorf;Hamburg;DE
20000671;Sarawati;Morgenbesser;;žena;07.49.1951;18196;Kavelstorf;Mecklenburg-Vorpommern;DE
20004259;Shane-Joel;Kolarschik;;muž;07.49.1965;22415;Hamburg FuhlsbĂĽttel;Hamburg;DE
20004275;LaĂ­s;Quiatkowsky;;žena;07.49.1967;7589;Lederhose;ThĂĽringen;DE
20005619;Mylene;KrĂ¤utler;;žena;07.49.1972;6425;PlĂ¶tzkau;Sachsen-Anhalt;DE
20007002;Amely-Sophie;van Wilgen;;žena;07.49.1982;26345;Bockhorn Petersgroden;Niedersachsen;DE
20001493;Janja;Bierwagen;;žena;07.49.1985;17094;Cammin;Mecklenburg-Vorpommern;DE
20006221;Sokey;Burchhard;;žena;07.49.1996;37632;Eschershausen;Niedersachsen;DE
20001228;ReĂ§ep;Giesenkirchen;;muž;07.49.2006;56244;Freilingen;Rheinland-Pfalz;DE
20001566;Martha;BĂ¶tticher;;žena;07.50.1920;18196;Lieblingshof;Mecklenburg-Vorpommern;DE
20007125;Egon;Lorenzi;;muž;07.50.1933;25336;Elmshorn;Schleswig-Holstein;DE
20001875;Maryam-Ashraf;Kottmaier;;žena;07.50.1948;53579;Erpel;Rheinland-Pfalz;DE
20004108;Ukan;Erdemir;;muž;07.50.1949;16247;Friedrichswalde;Brandenburg;DE
20000253;Cellina;Onezeit;;žena;07.50.1990;20144;Hamburg;Hamburg;DE
20000880;Uli;NĂ¶lter;;žena;07.51.1966;78479;Reichenau;Baden-WĂĽrttemberg;DE
20005332;Sakine;HĂ¤nseling;;žena;07.51.1999;25563;Hingstheide;Schleswig-Holstein;DE
20004205;Caro;Mathaeus;;žena;07.51.2004;17268;Temmen-Ringenwalde;Brandenburg;DE
20006859;Honey;Gowert;;žena;07.52.1947;22087;Hamburg;Hamburg;DE
20002967;Lanicia;Siepold;;žena;07.52.1949;24975;Husby;Schleswig-Holstein;DE
20004664;Malu;Berheide;;muž;07.52.1958;3051;Cottbus;Brandenburg;DE
20006684;YaÄźub;Kerkhoff;;muž;07.53.1923;99510;Saaleplatte;ThĂĽringen;DE
20009140;Justas;Fricken;;muž;07.53.1939;7334;Kamsdorf;ThĂĽringen;DE
20003215;Engelleucht;Neitschmann;;žena;07.53.1945;26345;Bockhorn Goelriehenfeld;Niedersachsen;DE
20009436;Paul-Luca;TĂ¶nsjost;;muž;07.53.1974;6896;Straach;Sachsen-Anhalt;DE
20000978;Abril;Mittermeir;;žena;07.53.1985;58802;Balve;Nordrhein-Westfalen;DE
20007961;Mellory;Kleinemeyer;;žena;07.53.1992;95643;Tirschenreuth;Bayern;DE
20005599;Shipelu;Kowaljow;;muž;07.54.1922;6547;Breitenstein;Sachsen-Anhalt;DE
20009354;Aljosha;Schuldis;;muž;07.54.1937;25560;Puls;Schleswig-Holstein;DE
20000937;Pina;Kowallek;;žena;07.54.1974;26316;Varel RallenbĂĽschen;Niedersachsen;DE
20009453;Pessjah;Sonnekalb;;žena;07.54.1988;31683;Obernkirchen Krainhagen;Niedersachsen;DE
20005675;Chizalam;Krausshaar;;žena;07.54.2000;36157;Ebersburg;Hessen;DE
20006953;Evelyn-Jolien;Rosien;;žena;07.55.1922;6917;Jessen (Elster) Gerbisbach;Sachsen-Anhalt;DE
20001622;Deniz;Hofnagel;;muž;07.55.1942;69126;Heidelberg;Baden-WĂĽrttemberg;DE
20003146;Asra;Schramme;;žena;07.55.1956;21406;Barnstedt;Niedersachsen;DE
20009161;Enea;Hendriksen;;muž;07.55.1964;21514;Hornbek;Schleswig-Holstein;DE
20009023;ArtĂ«moviÄŤ;Faist;;muž;07.55.1975;1847;Lohmen;Sachsen;DE
20009379;Nicolai;Ivanof;;muž;07.55.1990;15345;Oberbarnim;Brandenburg;DE
20009563;Agnese;Matthiesen;;žena;07.55.1996;67826;Hallgarten;Rheinland-Pfalz;DE
20002609;Honig;Carlson;;muž;07.55.2001;37073;GĂ¶ttingen;Niedersachsen;DE
20007787;Marin;Konitzni;;muž;07.56.1922;4936;Malitschkendorf;Brandenburg;DE
20007341;Soheil;MĂ¤rgel;;muž;07.56.1933;54552;SchĂ¶nbach;Rheinland-Pfalz;DE
20009315;Tuáş©n;Veicht;;muž;07.56.1934;76829;Leinsweiler;Rheinland-Pfalz;DE
20008750;Clementine;HĂ¤uĂźner;;žena;07.56.1949;17406;Morgenitz;Mecklenburg-Vorpommern;DE
20002091;Meilin;GrĂĽnenbaum;;žena;07.56.1961;88085;Langenargen;Baden-WĂĽrttemberg;DE
20000037;SongĂĽl;Ballikaya;;žena;07.56.1993;27367;BĂ¶tersen;Niedersachsen;DE
20007674;Emmet;Weizenmiller;;muž;07.57.1935;65843;Sulzbach;Hessen;DE
20009947;Muenes;Malterer;;muž;07.57.1952;74865;Neckarzimmern;Baden-WĂĽrttemberg;DE
20003432;Saji;Reincken;;muž;07.57.1956;79244;MĂĽnstertal;Baden-WĂĽrttemberg;DE
20007499;Tesnim;SĂ¤lzle;;žena;07.57.1986;16269;Bliesdorf;Brandenburg;DE
20009905;Simile;EiĂźfeld;;žena;07.57.2009;56814;Beilstein;Rheinland-Pfalz;DE
20009673;DanyloviÄŤ;Braunschmidt;;muž;07.58.1950;96163;Gundelsheim;Bayern;DE
20005977;Tiah;Muhamad;;žena;07.58.1990;22145;Hamburg Farmsen-Berne;Schleswig-Holstein;DE
20003741;Genowefa;Ludovicy;;žena;07.59.1940;79104;Freiburg im Breisgau;Baden-WĂĽrttemberg;DE
20009920;FlĂłki;Koktanek;;muž;07.59.1949;72178;Waldachtal;Baden-WĂĽrttemberg;DE
20006441;Naura;von Krebs;;žena;07.59.1953;39171;SĂĽlzetal;Sachsen-Anhalt;DE
20000757;Pyper;Niemeier;;žena;07.59.1965;48477;HĂ¶rstel;Nordrhein-Westfalen;DE
20001491;Sabeel;Gruenefeld;;muž;07.59.2008;78464;Konstanz;Baden-WĂĽrttemberg;DE
20002820;Nico;Kozlovskij;;muž;08.00.1930;76863;Herxheimweyher;Rheinland-Pfalz;DE
20004618;Gretje;PreuĂźiger;;žena;08.00.2002;98530;Marisfeld;ThĂĽringen;DE
20004295;Victor;Buettner;;muž;08.13.1928;18276;Glasewitz;Mecklenburg-Vorpommern;DE
20009668;Fanon;Schultek;;muž;08.13.1935;55606;Kirn;Rheinland-Pfalz;DE
20008904;Lukas-Kilian;Gruenwaldt;;muž;08.13.1967;90617;Puschendorf;Bayern;DE
20000916;Josepha;Stechbart;;žena;08.13.1989;67069;Ludwigshafen am Rhein;Rheinland-Pfalz;DE
20001070;Lijam;Perkhun;;muž;08.13.2006;88370;Ebenweiler;Baden-WĂĽrttemberg;DE
20006654;Besungu;Bremmekamp;;žena;08.14.1922;29465;Schnega Oldendorfer MĂĽhle;Niedersachsen;DE
20008765;Cameron;Rosien;;muž;08.14.1941;22946;Hohenfelde;Schleswig-Holstein;DE
20009767;Yunu;Ander;;muž;08.14.1946;89150;Laichingen;Baden-WĂĽrttemberg;DE
20001885;Maja;Eckerts;;žena;08.14.1948;17268;Herzfelde;Brandenburg;DE
20005445;Miniel;GroĂźkopp;;muž;08.14.1965;96242;Sonnefeld;Bayern;DE
20003673;Alessander;Kaswurm;;muž;08.14.1966;29416;Klein Gartz;Sachsen-Anhalt;DE
20000483;Rugayye-Naz;Eisenschmid;;žena;08.14.1982;63512;Hainburg;Hessen;DE
20009368;Finnick-Ryan;Schmeing;;muž;08.14.2000;31547;Rehburg-Loccum Rehburg;Niedersachsen;DE
20001019;Khatija;Vrielink;;žena;08.14.2001;89335;Ichenhausen;Bayern;DE
20007760;Leopold;KrĂĽgl;;muž;08.14.2002;15236;Jacobsdorf Petersdorf bei Briesen;Brandenburg;DE
20004393;Lux;Gespers;;muž;08.15.1937;76694;Forst;Baden-WĂĽrttemberg;DE
20008420;Rijo;Erlinghagen;;muž;08.15.1954;7343;Wurzbach;ThĂĽringen;DE
20003712;Ronin;MorgenschweiĂź;;muž;08.15.1971;81735;MĂĽnchen;Bayern;DE
20007684;Marty;Grundermann;;muž;08.15.1977;55597;Gumbsheim;Rheinland-Pfalz;DE
20007257;Katara;Flaskampf;;žena;08.15.1994;7950;Triebes;ThĂĽringen;DE
20001856;Isha;AdĂ¤mmer;;žena;08.15.1994;37194;Bodenfelde;Niedersachsen;DE
20007690;LaFayette;Schwarzenbart;;muž;08.15.2001;94369;Rain;Bayern;DE
20006715;Flavjo;ZĂ¤ngerl;;muž;08.16.1981;25782;Tellingstedt;Schleswig-Holstein;DE
20006094;Roy;Piotrowicz;;žena;08.16.2005;86492;Egling an der Paar;Bayern;DE
20006376;Ĺžirin;Meredig;;žena;08.17.1939;25436;Neuendeich;Schleswig-Holstein;DE
20009523;Leni-Sofie;Niyaz;;žena;08.17.2001;18184;Thulendorf;Mecklenburg-Vorpommern;DE
20001977;Albrecht;Abasiz;;muž;08.17.2007;22527;Hamburg Eidelstedt;Hamburg;DE
20008732;RamzanoviÄŤ;Mikolajek;;muž;08.18.1920;26419;Schortens MiddelsfĂ¤hr;Niedersachsen;DE
20009879;Uchenna;Peyer;;muž;08.18.1940;24634;Padenstedt;Schleswig-Holstein;DE
20005344;Yuka;NienkĂ¶tter;;žena;08.18.1989;56814;Greimersburg;Rheinland-Pfalz;DE
20004336;Fabricia;Boemer;;žena;08.18.1989;75050;Gemmingen;Baden-WĂĽrttemberg;DE
20002570;Ege;Pillebeit;;muž;08.18.1991;48145;MĂĽnster;Nordrhein-Westfalen;DE
20007518;Marlon-Franz;Waffenschmid;;muž;08.18.2009;7629;Reichenbach;ThĂĽringen;DE
20007872;Falco;Keufl;;muž;08.19.1941;70569;Stuttgart;Baden-WĂĽrttemberg;DE
20007439;Svetoslav;Kirbiyik;;muž;08.19.1974;39638;Hottendorf;Sachsen-Anhalt;DE
20004347;Ona;Ziebrecht;;žena;08.19.1989;4916;Themesgrund;Brandenburg;DE
20007739;Alieva;Kuenstle;;žena;08.19.2001;87776;Sontheim;Bayern;DE
20000252;Lisa-Marie;Johannemann;;žena;08.19.2008;24869;DĂ¶rpstedt;Schleswig-Holstein;DE
20005122;Bong;Brinkhoff;;muž;08.20.1921;15913;Lamsfeld-GroĂź Liebitz;Brandenburg;DE
20002092;Ilaf;Bremenkamp;;muž;08.20.1943;56414;Meudt;Rheinland-Pfalz;DE
20004847;Sivert;Herwald;;muž;08.20.1954;14959;Trebbin;Brandenburg;DE
20004723;Osaruonamen;Weiskopf;;žena;08.20.1970;25560;Kaisborstel;Schleswig-Holstein;DE
20005763;Valeska;Schemath;;žena;08.20.2009;99195;GroĂźrudestedt;ThĂĽringen;DE
20002467;Mansirat;StĂĽmpges;;muž;08.21.1927;97618;Heustreu;Bayern;DE
20003829;Tanju;Sippold;;muž;08.21.1939;73434;Aalen;Baden-WĂĽrttemberg;DE
20001537;Adelina-Luise;Bauernschubert;;žena;08.21.2003;35390;GieĂźen;Hessen;DE
20007165;Talea;Salamon;;žena;08.21.2006;22926;Ahrensburg;Schleswig-Holstein;DE
20005982;Maelle;Janouskova;;žena;08.22.1923;27729;Holste;Niedersachsen;DE
20002615;Balwin;AltenhĂ¶fer;;muž;08.22.1954;79415;Bad Bellingen;Baden-WĂĽrttemberg;DE
20009044;Somchay;Heydemann;;muž;08.22.1972;46244;Bottrop;Nordrhein-Westfalen;DE
20002244;Zane;Sternberger;;muž;08.22.1975;26624;SĂĽdbrookmerland Theene;Niedersachsen;DE
20004332;Izmir;Fexmer;;žena;08.22.1984;92263;Ebermannsdorf;Bayern;DE
20003643;Muneer;Duefel;;muž;08.22.1990;25869;GrĂ¶de;Schleswig-Holstein;DE
20002124;Sausan;Schmitteckert;;žena;08.22.1994;54636;Idenheim;Rheinland-Pfalz;DE
20007574;Fan;Loderhose;;muž;08.23.1934;8371;Glauchau;Sachsen;DE
20004861;Noah;Mikolayczyk;;žena;08.23.1964;97842;Karbach;Bayern;DE
20002238;Laurens;Senkaya;;muž;08.23.1970;91611;Lehrberg;Bayern;DE
20007496;Zacharias;Knopp;;muž;08.24.1922;15299;Mixdorf;Brandenburg;DE
20005320;Kelyce;Jahnes;;žena;08.24.1954;17213;Kogel;Mecklenburg-Vorpommern;DE
20007178;Laurenzia;Vox;;žena;08.24.1963;86971;Peiting;Bayern;DE
20007794;Slobodan;Lerche;;muž;08.24.1965;22113;Hamburg;Schleswig-Holstein;DE
20005006;DoÄźukan;Rocktaeschel;;muž;08.24.2005;19260;Kloddram;Mecklenburg-Vorpommern;DE
20003792;Severin;Krautschat;;muž;08.25.1920;54636;Meckel;Rheinland-Pfalz;DE
20001595;Marisa;Kohlstruk;;žena;08.25.1923;94259;Kirchberg im Wald;Bayern;DE
20008183;Satiya;Uszkoreitis;;žena;08.25.1931;74374;Zaberfeld;Baden-WĂĽrttemberg;DE
20005493;Delal;Bob;;muž;08.25.1945;70176;Stuttgart Stuttgart-West;Baden-WĂĽrttemberg;DE
20000888;BartuÄź;Feit;;muž;08.25.1961;6528;Riethnordhausen;Sachsen-Anhalt;DE
20008354;Eduardo;Laurents;;muž;08.25.1966;25788;Hollingstedt;Schleswig-Holstein;DE
20000342;Paz;LĂĽnert;;muž;08.25.1969;18513;Splietsdorf;Mecklenburg-Vorpommern;DE
20008369;Ilea;Kleinpeter;;žena;08.25.1973;24879;Neuberend;Schleswig-Holstein;DE
20009336;Phoenix;Andreasson;;muž;08.25.1990;54518;Heidweiler;Rheinland-Pfalz;DE
20005017;Zubeyde;Charcenko;;žena;08.25.1999;21682;Stade;Niedersachsen;DE
20007211;Jupiter;Christl;;žena;08.26.1929;72827;Wannweil;Baden-WĂĽrttemberg;DE
20008898;CaÄźdaĹź;Gablonsky;;muž;08.26.1930;17039;Beseritz;Mecklenburg-Vorpommern;DE
20001397;Tamme;Simokat;;muž;08.26.1936;56283;Beulich;Rheinland-Pfalz;DE
20007966;Thomas;BlĂĽmchen;;muž;08.26.1956;97776;EuĂźenheim;Bayern;DE
20007909;Rui;Jurgelat;;muž;08.26.1960;72764;Reutlingen;Baden-WĂĽrttemberg;DE
20006461;Ambrose;Rittcher;;muž;08.26.1984;38895;Derenburg;Sachsen-Anhalt;DE
20003077;Jelda;Georg;;žena;08.26.1995;24870;Ellingstedt;Schleswig-Holstein;DE
20000636;Elina-Sophie;Lentzner;;žena;08.27.1935;54441;Taben-Rodt;Rheinland-Pfalz;DE
20001668;Ejiro;HorstkĂ¶tter;;muž;08.27.1943;16945;Meyenburg;Brandenburg;DE
20009868;Alea;Goldenberg;;žena;08.27.1958;89346;Bibertal;Bayern;DE
20009953;Matsuura;Ishikawa;;muž;08.27.1969;54552;Katzwinkel;Rheinland-Pfalz;DE
20002144;XuĂ˘n;Peteratzinger;;muž;08.27.1978;55278;Uelversheim;Rheinland-Pfalz;DE
20006970;Elia-Can;Grunenwald;;muž;08.27.1981;79677;Aitern;Baden-WĂĽrttemberg;DE
20006602;Suryan;Boenhardt;;muž;08.27.1992;54570;Hinterweiler;Rheinland-Pfalz;DE
20009314;Giona;Dambrauskas;;muž;08.28.1937;79261;Gutach im Breisgau;Baden-WĂĽrttemberg;DE
20007645;Nilay-Nicole;Feichtmaier;;žena;08.28.1938;56130;Bad Ems;Rheinland-Pfalz;DE
20002025;Mobina;Haubfleisch;;žena;08.28.1939;29416;Altensalzwedel;Sachsen-Anhalt;DE
20004047;Oneka;Rikker;;žena;08.28.1942;94569;Stephansposching;Bayern;DE
20008340;Ĺževket;Kretschmeier;;muž;08.28.1954;67294;Ilbesheim;Rheinland-Pfalz;DE
20007436;Abena;DĂ¤schle;;žena;08.28.1967;15913;Mochow;Brandenburg;DE
20007077;Ayaz-Kemal;Petzoldt;;muž;08.28.1968;28203;Bremen;Bremen;DE
20008095;Osaretin;Yildirim;;muž;08.28.2006;92714;Pleystein;Bayern;DE
20008636;Muazzez;Stirnadel;;žena;08.29.1931;31688;NienstĂ¤dt NienstĂ¤dt;Niedersachsen;DE
20009246;Belisar;Schnitkerhans;;muž;08.29.1936;39221;Eickendorf;Sachsen-Anhalt;DE
20001411;Che;BĂ¶stfleisch;;žena;08.29.1949;40723;Hilden;Nordrhein-Westfalen;DE
20008065;Verlyn;Kroemer;;muž;08.29.1972;44269;Dortmund;Nordrhein-Westfalen;DE
20001204;Chiazago;Mikolajek;;muž;08.29.1986;25358;Horst (Holstein);Schleswig-Holstein;DE
20005953;Mostafer;Haerting;;muž;08.29.2001;55450;Langenlonsheim;Rheinland-Pfalz;DE
20006006;Stanistaw;Oehlschlaegel;;muž;08.30.1920;56459;Rotenhain;Rheinland-Pfalz;DE
20005616;Norah;Aichhorn;;žena;08.30.1925;23936;RĂĽting;Mecklenburg-Vorpommern;DE
20003939;AlizĂ©e;Dillschneider;;žena;08.30.1941;56858;Neef;Rheinland-Pfalz;DE
20000845;Largo;Christelsohn;;muž;08.30.1942;57612;Volkerzen;Rheinland-Pfalz;DE
20000685;Ă‡iÄźdem;Wiedekamm;;žena;08.30.1948;55596;WaldbĂ¶ckelheim;Rheinland-Pfalz;DE
20006659;Baki;Cermakova;;muž;08.30.1955;6725;Profen;Sachsen-Anhalt;DE
20004872;Andreyos;Lautenschlaeger;;muž;08.30.1990;76857;EuĂźerthal;Rheinland-Pfalz;DE
20001795;Trim;Dreyssigacker;;muž;08.31.1931;34376;Immenhausen;Hessen;DE
20003179;Vincenz;Kaifel;;muž;08.31.1944;4936;Hohenbucko;Brandenburg;DE
20009721;Morpheus;Jodocy;;muž;08.31.1946;26624;SĂĽdbrookmerland Bedekaspel;Niedersachsen;DE
20009055;Theodore;Wenzlick;;muž;08.31.1949;23946;Boltenhagen;Mecklenburg-Vorpommern;DE
20005321;Esmiralda-Amira;Noltensmeier;;žena;08.31.1971;76706;Dettenheim;Baden-WĂĽrttemberg;DE
20002345;Luay;KlingĂ¶hrl;;muž;08.31.1986;38528;AdenbĂĽttel;Niedersachsen;DE
20003139;Juhan;StrĂ¤ssle;;muž;08.31.1992;54313;Zemmer;Rheinland-Pfalz;DE
20004399;Austin;NĂ¶lting;;muž;08.32.1924;98744;Deesbach;ThĂĽringen;DE
20008850;Chiranjiv;Waischnor;;muž;08.32.1925;4571;RĂ¶tha;Sachsen;DE
20007119;Peyton;Corsmeier;;žena;08.32.1960;49751;SpahnharrenstĂ¤tte;Niedersachsen;DE
20005745;ZoĂ«;Schweinhirt;;žena;08.32.1962;83555;Haiden bei Gars Bahnhof;Bayern;DE
20006585;Hasib;KrummfuĂź;;muž;08.32.1979;3253;Nexdorf;Brandenburg;DE
20002018;SofĂ­a;Winklbauer;;žena;08.32.1986;67165;Waldsee;Rheinland-Pfalz;DE
20002160;DuĹˇana;MeuĂźgeyer;;žena;08.32.1988;65623;Schiesheim;Rheinland-Pfalz;DE
20004067;Rufta;Hoffner;;žena;08.32.2000;16833;Fehrbellin KĂ¶nigshorst;Brandenburg;DE
20001602;Pieder;Dierkschneider;;muž;08.33.1924;29496;Waddeweitz Salderatzen;Niedersachsen;DE
20003830;Abdulwali;Staeudlein;;muž;08.33.1930;21514;Roseburg;Schleswig-Holstein;DE
20007774;Marietou;Mewing;;žena;08.33.1950;24994;Jardelund;Schleswig-Holstein;DE
20002931;Kiron;Jatzlau;;muž;08.33.1974;26409;Wittmund Ardorf;Niedersachsen;DE
20000822;Jaden;Grabmeyer;;muž;08.33.1980;1945;Tettau;Brandenburg;DE
20003793;Aser;Stocking;;muž;08.33.2006;16909;Wittstock/Dosse Berlinchen;Brandenburg;DE
20005219;Sigmar;WĂĽnderlich;;muž;08.34.1921;25899;DagebĂĽll;Schleswig-Holstein;DE
20006353;Amarachi;Backhaus;;žena;08.34.1954;17391;Steinmocker;Mecklenburg-Vorpommern;DE
20009103;Naran;Dieckmann;;muž;08.35.1940;98587;Springstille;ThĂĽringen;DE
20008454;Obinna;Zwinger;;muž;08.35.1956;37318;Bernterode (bei Heilbad Heiligenstadt);ThĂĽringen;DE
20004442;Olusindara;Kamps;;žena;08.35.1965;18437;Stralsund;Mecklenburg-Vorpommern;DE
20009390;Andy;Siebolds;;muž;08.35.1990;56355;Weidenbach;Rheinland-Pfalz;DE
20009872;Avery-Jay;GiĂźler;;muž;08.35.1991;34127;Kassel;Hessen;DE
20000353;Ava-Leah;Meierahrens;;žena;08.35.1999;39579;Windberge;Sachsen-Anhalt;DE
20007653;Arijan;Klingenschmitt;;muž;08.36.1946;14552;Wildenbruch;Brandenburg;DE
20001933;GĂĽnther;Siebott;;muž;08.36.1970;35117;MĂĽnchhausen;Hessen;DE
20005494;Sumeya;Doganay;;žena;08.37.1926;76857;Waldrohrbach;Rheinland-Pfalz;DE
20004406;Emin-Jiyan;Gloeckner;;muž;08.37.1942;29472;Damnatz Barnitz;Niedersachsen;DE
20006692;Maybelle;Hubrig;;žena;08.37.1988;39615;Losse;Sachsen-Anhalt;DE
20007242;Indra;Foged;;žena;08.37.1996;36103;Flieden;Hessen;DE
20007691;Lean-Phill;Langemeier;;muž;08.38.1986;15518;Briesen (Mark) Briesen (Mark);Brandenburg;DE
20008902;Mex;von Hopffgarten;;muž;08.38.1997;82152;Planegg;Bayern;DE
20005220;Evgeniev;Speckle;;muž;08.38.1999;39393;Am GroĂźen Bruch Gunsleben;Sachsen-Anhalt;DE
20006663;Colin;Landrichter;;muž;08.39.1927;99439;Neumark;ThĂĽringen;DE
20002762;MadinoviÄŤ;Nottebaum;;muž;08.39.1948;16909;Wittstock/Dosse Niemerlang;Brandenburg;DE
20008713;DenĂ©s;Urban;;muž;08.39.1960;22529;Hamburg;Hamburg;DE
20000633;Treeve;Kotener;;muž;08.39.1988;55444;Eckenroth;Rheinland-Pfalz;DE
20009427;Gate;WĂ¶lfl;;muž;08.39.2002;7806;Weira;ThĂĽringen;DE
20009582;Jolanda;Fresemann;;žena;08.39.2004;99441;Mechelroda;ThĂĽringen;DE
20006305;Hazel;Gotschling;;žena;08.40.1933;86441;Zusmarshausen;Bayern;DE
20006021;Noomi-Sophie;MathĂ¤y;;žena;08.40.1933;23911;Buchholz;Schleswig-Holstein;DE
20007141;Bukhari;Arendsen;;žena;08.40.1945;45529;Hattingen;Nordrhein-Westfalen;DE
20004600;Boran;Rein;;muž;08.40.1974;56368;Katzenelnbogen;Rheinland-Pfalz;DE
20000706;Alerio;Urbahnke;;muž;08.40.1997;8237;Steinberg;Sachsen;DE
20001619;Manveer;Meyerle;;muž;08.41.1966;8060;Zwickau;Sachsen;DE
20008252;Osarumwense;Heinzner;;žena;08.41.1981;17126;Jarmen;Mecklenburg-Vorpommern;DE
20002022;Adekemi;Rademacher;;žena;08.41.2002;25999;Kampen;Schleswig-Holstein;DE
20005864;Zerda;Frohmeyer;;žena;08.42.1954;4932;GrĂ¶den;Brandenburg;DE
20003344;Ladzina;Eberlin;;žena;08.42.1972;39291;LĂĽbars;Sachsen-Anhalt;DE
20004368;Bahri;Vondra;;muž;08.42.1987;82216;Maisach;Bayern;DE
20001489;Annabel;Dangel;;žena;08.42.1992;35586;Wetzlar;Hessen;DE
20005484;Kathrine;RĂ¶tger;;žena;08.42.2002;22946;Dahmker;Schleswig-Holstein;DE
20006085;BĂĽlent;Orten;;muž;08.42.2008;26532;GroĂźheide Berumerfehn;Niedersachsen;DE
20002135;Nirushan;NĂ¤her;;muž;08.42.2009;6542;Winkel;Sachsen-Anhalt;DE
20009402;Nehad;Feiertag;;muž;08.43.1930;73111;Lauterstein;Baden-WĂĽrttemberg;DE
20002528;Yuval;Schlamilch;;muž;08.43.1935;54340;KlĂĽsserath;Rheinland-Pfalz;DE
20001146;Diem;Folgerts;;žena;08.43.1951;56584;Thalhausen;Rheinland-Pfalz;DE
20003068;Doro;von Rimscha;;žena;08.43.1975;70180;Stuttgart Stuttgart-SĂĽd;Baden-WĂĽrttemberg;DE
20005584;Mounib;Winkelkoetter;;muž;08.43.2003;6507;Stecklenberg;Sachsen-Anhalt;DE
20000952;Amira-Turkia;Lienhard;;žena;08.44.1939;17309;Koblentz;Mecklenburg-Vorpommern;DE
20002806;Adetomilola;Dreschler;;žena;08.44.1942;98663;Schweickershausen;ThĂĽringen;DE
20008833;Louisa-Milane;Sengers;;žena;08.44.1955;97953;KĂ¶nigheim;Baden-WĂĽrttemberg;DE
20003679;Sereno;Steckers;;muž;08.44.1970;56341;Filsen;Rheinland-Pfalz;DE
20003293;Lumara;Brandinga;;žena;08.44.2006;3058;Laubsdorf;Brandenburg;DE
20006889;Zabah;HĂ¶velhans;;žena;08.45.1940;54675;Ammeldingen an der Our;Rheinland-Pfalz;DE
20003854;Liem;Kaschmirschak;;muž;08.45.1943;80333;MĂĽnchen;Bayern;DE
20009693;Enrik;Juengerhans;;muž;08.45.1967;21406;Barnstedt;Niedersachsen;DE
20003517;Karima;Wilimzik;;žena;08.45.1977;12309;Berlin;Berlin;DE
20000620;Jan-Niklas;Hitzlinger;;muž;08.46.1923;35274;Kirchhain;Hessen;DE
20009212;Luca-Lionel;Tyle;;muž;08.46.1928;29451;Dannenberg (Elbe) Dannenberg;Niedersachsen;DE
20001909;Thordis;Rutcowski;;žena;08.46.1954;92711;Parkstein;Bayern;DE
20000595;Kashia;NaĂźwetter;;žena;08.46.1993;19399;Goldberg;Mecklenburg-Vorpommern;DE
20003668;Finn-Junis;Jongkind;;muž;08.46.1998;24367;Osterby;Schleswig-Holstein;DE
20008261;ElĂ§in;Tascioglu;;žena;08.46.2007;87746;Erkheim;Bayern;DE
20009077;Lizan;Rentemeister;;žena;08.47.1922;15848;Rietz-Neuendorf Herzberg;Brandenburg;DE
20003858;Anouk;FĂĽchtenschneider;;žena;08.47.1936;54340;Longuich;Rheinland-Pfalz;DE
20005351;Benja;Kramschneider;;muž;08.47.1941;6369;GroĂźpaschleben;Sachsen-Anhalt;DE
20005710;Ursa;Zajontz;;žena;08.47.1945;17268;Flieth-Stegelitz;Brandenburg;DE
20001965;Amani;Jakubowsky;;muž;08.47.1988;39365;Seehausen;Sachsen-Anhalt;DE
20000421;Ĺžirin;Jonait;;žena;08.48.1920;63165;MĂĽhlheim;Hessen;DE
20001797;Nuriel;Lotterhos;;žena;08.48.1930;55583;Bad MĂĽnster am Stein-Ebernburg;Rheinland-Pfalz;DE
20001704;Ladu;Grosskopff;;muž;08.48.1930;17495;GroĂź Kiesow;Mecklenburg-Vorpommern;DE
20008537;Mariama;Borchhardt;;žena;08.48.1950;89358;Kammeltal;Bayern;DE
20005835;Mattheo-Finn;WeiĂź;;muž;08.48.1950;25859;Hooge;Schleswig-Holstein;DE
20008783;Channah;Kessmacher;;žena;08.48.1953;46397;Bocholt;Nordrhein-Westfalen;DE
20004763;Yusa;Niessen;;muž;08.48.1958;66887;FĂ¶ckelberg;Rheinland-Pfalz;DE
20001733;Marjana;Bremmekamp;;žena;08.48.1962;25764;SĂĽderdeich;Schleswig-Holstein;DE
20006542;Thorsteinn;Altmeyer;;muž;08.48.1996;63871;Heinrichsthal;Bayern;DE
20008204;Ekhormagbe;Camoglu;;žena;08.48.1997;56751;Kollig;Rheinland-Pfalz;DE
20004690;Umut;von Reinhart;;muž;08.48.2006;99880;Metebach;ThĂĽringen;DE
20000641;Lien;Grosjohann;;žena;08.49.1937;86559;Adelzhausen;Bayern;DE
20000206;Nikithaan;WeiĂźkittel;;muž;08.49.1937;6484;Quedlinburg;Sachsen-Anhalt;DE
20009612;YuĹźĂ˘;Jungermann;;muž;08.49.1947;67360;Lingenfeld;Rheinland-Pfalz;DE
20005558;Ylva;Stencel;;žena;08.49.1971;14798;Havelsee;Brandenburg;DE
20005378;Yamac;Hupperz;;muž;08.49.1974;55595;Gebroth;Rheinland-Pfalz;DE
20007145;Fanon;Eyerkaufer;;muž;08.50.1925;83112;Frasdorf;Bayern;DE
20008569;Alesija;Kleile;;žena;08.50.1926;97839;Esselbach;Bayern;DE
20005055;Ege;Foelke;;muž;08.50.1951;92554;Thanstein;Bayern;DE
20004098;Brijan;Manteufel;;muž;08.50.1957;54422;NeuhĂĽtten;Rheinland-Pfalz;DE
20009449;Clara;SchĂ¶nrogg;;muž;08.50.1966;65760;Eschborn;Hessen;DE
20008959;Noray;Koopman;;muž;08.50.1977;83561;Ramerberg;Bayern;DE
20001837;Quan;FlaskĂ¤mper;;muž;08.50.1987;21129;Hamburg Cranz;Hamburg;DE
20000241;Jasna;Hennjes;;žena;08.50.2002;67067;Ludwigshafen am Rhein;Rheinland-Pfalz;DE
20006702;Joycelin;Burggraef;;žena;08.50.2009;54657;Badem;Rheinland-Pfalz;DE
20001892;Frohlinde;Bruhne;;žena;08.51.1930;55606;KĂ¶nigsau;Rheinland-Pfalz;DE
20004071;Bobi;Asik;;muž;08.51.1968;39624;Neuendorf am Damm;Sachsen-Anhalt;DE
20009780;Gabo;Schmiedemeister;;muž;08.51.1988;24364;Holzdorf;Schleswig-Holstein;DE
20002736;SavaĹź-Ali;GĂ¶ksungur;;muž;08.52.1921;89352;Ellzee;Bayern;DE
20006833;MaksimoviÄŤ;Vinken;;muž;08.52.1976;69181;Leimen;Baden-WĂĽrttemberg;DE
20004829;Idia;Pavlovskyi;;muž;08.52.1985;91489;Wilhelmsdorf;Bayern;DE
20003562;EmĂ­le;Demirci;;muž;08.53.1962;86453;Dasing;Bayern;DE
20000556;Lee-Claudia;Grottian;;žena;08.53.1970;8538;Burgstein;Sachsen;DE
20005259;Nicolai;Koehn;;muž;08.53.2004;69488;Birkenau;Hessen;DE
20007502;Kiliyan;Steckl;;muž;08.54.1920;77933;Lahr/Schwarzwald;Baden-WĂĽrttemberg;DE
20007532;Wilhelmus;Zimmermann;;muž;08.54.1932;22453;Hamburg FuhlsbĂĽttel;Hamburg;DE
20006324;Mihailova;Asanger;;žena;08.54.1952;57648;Unnau;Rheinland-Pfalz;DE
20003564;Araf;KlĂĽhs;;muž;08.54.1953;25850;Behrendorf;Schleswig-Holstein;DE
20006818;Hadriel;Grabher;;muž;08.54.1971;8134;Wildenfels HĂ¤rtensdorf;Sachsen;DE
20007239;Clasina;Eckert;;žena;08.54.2007;84130;Dingolfing;Bayern;DE
20007495;SimĂłn;Asmus;;muž;08.55.1927;54578;Berndorf;Rheinland-Pfalz;DE
20005466;Cataleya;Wouterse;;žena;08.55.1942;29473;GĂ¶hrde DĂĽbbekold;Niedersachsen;DE
20008387;Ĺžahhaydar;Siegfriedt;;muž;08.55.1953;26529;Marienhafe;Niedersachsen;DE
20009654;Tilzah;Frieauff;;žena;08.56.1925;83457;Bayerisch Gmain;Bayern;DE
20001338;Ayra;Grobschmidt;;žena;08.56.1940;72813;Sankt Johann;Baden-WĂĽrttemberg;DE
20007327;CĂ¤the;FeldhĂ¤user;;žena;08.56.1952;24223;Raisdorf;Schleswig-Holstein;DE
20002999;Faun;Pechthold;;žena;08.56.1954;57076;Siegen;Nordrhein-Westfalen;DE
20000199;Valieh;Giesse;;žena;08.56.1958;23847;Bliestorf;Schleswig-Holstein;DE
20007758;Mehmet-Alim;Hufschlaeger;;muž;08.56.1967;79271;Sankt Peter;Baden-WĂĽrttemberg;DE
20008126;Tlalli;Dreikorn;;žena;08.56.1998;77794;Lautenbach;Baden-WĂĽrttemberg;DE
20006331;Kaludji;Vanicek;;muž;08.57.1921;27252;SchwafĂ¶rden;Niedersachsen;DE
20005366;Johanne;MĂ¶lchior;;žena;08.57.1964;29369;Ummern;Niedersachsen;DE
20002838;Daut;Spitzbart;;muž;08.57.1991;9243;Niederfrohna;Sachsen;DE
20009766;Pola;HenĂź;;žena;08.58.1921;73114;Schlat;Baden-WĂĽrttemberg;DE
20006179;Jerry;von Karstedt;;muž;08.58.1959;67126;Hochdorf-Assenheim;Rheinland-Pfalz;DE
20004639;Hailey;Heidekamp;;muž;08.58.1975;48308;Senden;Nordrhein-Westfalen;DE
20001073;Gleb;HammermĂĽller;;muž;08.58.1975;38518;Gifhorn;Niedersachsen;DE
20004484;Hamzeh;Errerd;;muž;08.58.1976;1612;NĂĽnchritz;Sachsen;DE
20001621;Katalena;Jagiela;;žena;08.58.1977;79576;Weil am Rhein;Baden-WĂĽrttemberg;DE
20006124;Eila;Fiedlers;;žena;08.58.1983;7987;Mohlsdorf;ThĂĽringen;DE
20001670;Lisanne;Filzhuth;;žena;08.58.1986;29459;Clenze GroĂź Sachau;Niedersachsen;DE
20009762;Macy;Marquordt;;žena;08.58.1996;99310;Osthausen-WĂĽlfershausen;ThĂĽringen;DE
20008518;Lamek;von Braun;;muž;08.58.1997;15326;Podelzig;Brandenburg;DE
20009943;BjĂ¶rg;Puntschuh;;žena;08.59.1931;45478;MĂĽlheim an der Ruhr;Nordrhein-Westfalen;DE
20009998;Nevin;Kowatzschetz;;žena;08.59.1935;28211;Bremen;Bremen;DE
20004229;Eleni;Dvorschak;;žena;08.59.1949;35091;CĂ¶lbe;Hessen;DE
20001976;Ryan-Wilson;Reinholtz;;muž;08.59.1958;26532;GroĂźheide GroĂźheide;Niedersachsen;DE
20006289;ThiĂŞn;Hertgen;;žena;08.59.1983;12559;Berlin;Berlin;DE
20002781;Kwesi;Pietrzak;;muž;08.59.1988;70437;Stuttgart Rot;Baden-WĂĽrttemberg;DE
20008344;SalomĂ©;Feuchtner;;žena;09.00.1952;88422;Tiefenbach;Baden-WĂĽrttemberg;DE
20008358;GarinÄ‡a;Pohlack;;muž;09.00.1958;55490;Gehlweiler;Rheinland-Pfalz;DE
20001943;Haci;Moosbrucker;;muž;09.00.1958;86505;MĂĽnsterhausen;Bayern;DE
20004319;Luqman;Woschny;;muž;09.00.1961;37339;Breitenworbis;ThĂĽringen;DE
20005597;Ravi;Barfues;;muž;09.00.1964;6179;Bennstedt;Sachsen-Anhalt;DE
20004146;Ketan;Janotta;;muž;09.00.1977;56826;Wollmerath;Rheinland-Pfalz;DE
20004312;Ruguru;Kruminsch;;žena;09.00.1990;61138;Niederdorfelden;Hessen;DE
20003365;Gian-Luca;Fitzen;;muž;09.00.1995;74211;Leingarten;Baden-WĂĽrttemberg;DE
20006448;Khalil-Abderrahmane;Hanzer;;muž;09.00.1999;15848;Rietz-Neuendorf Ahrensdorf;Brandenburg;DE
20005667;Adelina-Maria;Brenken;;žena;09.13.1929;35325;MĂĽcke;Hessen;DE
20008430;Milija;Rothaug;;muž;09.13.1931;91233;Neunkirchen am Sand;Bayern;DE
20007537;LĂ©ny;Kottick;;muž;09.13.1952;39615;Aulosen;Sachsen-Anhalt;DE
20009104;Iroha;Doerfer;;žena;09.13.1979;44892;Bochum;Nordrhein-Westfalen;DE
20001162;Beverly-Ann;Takagi;;žena;09.13.1983;29356;BrĂ¶ckel;Niedersachsen;DE
20006233;Maita;Gerbode;;žena;09.13.1989;54576;Dohm-Lammersdorf;Rheinland-Pfalz;DE
20000525;Zahit;Ă–zgĂĽl;;muž;09.13.1990;12439;Berlin;Berlin;DE
20005548;Illias;Grosze;;muž;09.13.1994;99510;Wickerstedt;ThĂĽringen;DE
20000598;ErtaĂ§;Lindel;;muž;09.13.2008;19079;GoldenstĂ¤dt;Mecklenburg-Vorpommern;DE
20004268;Eva;Kirchenmaier;;žena;09.14.1920;4838;LauĂźig;Sachsen;DE
20006993;Yulia;Wirth;;žena;09.14.1941;18586;Middelhagen;Mecklenburg-Vorpommern;DE
20005326;Cori;MĂ¶llner;;muž;09.14.1956;39264;Nutha;Sachsen-Anhalt;DE
20007934;AlexeeviÄŤ;KĂ¶tt;;muž;09.14.1966;91743;Unterschwaningen;Bayern;DE
20001466;Sevastyan;Reiters;;muž;09.14.1968;95701;Pechbrunn;Bayern;DE
20000617;San-Diego;Clewe;;muž;09.14.1974;6667;WeiĂźenfels;Sachsen-Anhalt;DE
20004532;Cesare;Mauer;;muž;09.14.1975;1309;Dresden Blasewitz;Sachsen;DE
20005653;Haufekai;Marxmeier;;žena;09.14.1977;38533;Vordorf;Niedersachsen;DE
20006680;Yihe;SiekĂ¶tter;;žena;09.15.1926;97656;Oberelsbach;Bayern;DE
20009157;MĂ¤rtha;von Moller;;žena;09.15.1928;88416;Steinhausen an der Rottum;Baden-WĂĽrttemberg;DE
20005759;Jari;MĂ¶hlenbrock;;muž;09.15.1930;97519;Riedbach;Bayern;DE
20005087;Mewes;Beste;;muž;09.15.1934;59069;Hamm;Nordrhein-Westfalen;DE
20007831;Ejvind;Loefler;;muž;09.15.1981;39638;JĂ¤venitz;Sachsen-Anhalt;DE
20006770;Joah;Fortwangler;;muž;09.15.1984;15848;Beeskow Oegeln;Brandenburg;DE
20009513;Yue;HĂ¤nschen;;žena;09.15.1985;55621;Hundsbach;Rheinland-Pfalz;DE
20005327;Rahul;Endrun;;muž;09.16.1925;7646;Bollberg;ThĂĽringen;DE
20003541;Gil;Marckwarth;;muž;09.16.1926;3096;Dissen-Striesow;Brandenburg;DE
20007793;Sannu;Kortumm;;žena;09.16.1940;55481;Nieder Kostenz;Rheinland-Pfalz;DE
20002346;Adea;Kreowski;;žena;09.16.1942;99085;Erfurt;ThĂĽringen;DE
20007447;Liyan;Hochkirchen;;muž;09.16.1955;6369;WĂ¶rbzig;Sachsen-Anhalt;DE
20008047;Mackenzie;Navrodt;;muž;09.16.1956;24649;Fuhlendorf;Schleswig-Holstein;DE
20008033;Carl-Lewis;Krummbein;;muž;09.16.1964;79280;Au;Baden-WĂĽrttemberg;DE
20005255;Lila;Rohfleisch;;žena;09.16.1968;20457;Hamburg Kleiner Grasbrook;Hamburg;DE
20008642;Sharlien;Adammek;;žena;09.16.1984;7937;VogtlĂ¤ndisches Oberland;ThĂĽringen;DE
20007126;Shin;Everink;;žena;09.16.2004;79111;Freiburg im Breisgau;Baden-WĂĽrttemberg;DE
20006644;Arham;Mohnsam;;muž;09.17.1924;97276;MargetshĂ¶chheim;Bayern;DE
20004086;Genius-Alvaro;Haen;;muž;09.17.1989;39291;Tryppehna;Sachsen-Anhalt;DE
20005092;Antonije;Griesbauer;;muž;09.17.1991;75249;Kieselbronn;Baden-WĂĽrttemberg;DE
20008036;Teodoro;Zimmerlin;;muž;09.17.2001;55758;Wirschweiler;Rheinland-Pfalz;DE
20005787;Younes;Stegmiller;;muž;09.17.2003;4769;Sornzig-AblaĂź;Sachsen;DE
20009764;Isabelle;Rybak;;žena;09.18.1934;99947;Neunheilingen;ThĂĽringen;DE
20003516;Lee;Gost;;žena;09.18.1939;82110;Germering;Bayern;DE
20003214;Cidney-Jay;Balcarova;;muž;09.18.1940;3130;Tschernitz;Brandenburg;DE
20007673;Milija;Dieken;;muž;09.18.1956;59757;Arnsberg;Nordrhein-Westfalen;DE
20007544;Thessa;Candan;;žena;09.18.1957;15754;Bindow;Brandenburg;DE
20003487;Sonya;Ludewigsen;;žena;09.18.1972;6369;Diebzig;Sachsen-Anhalt;DE
20007151;Azeez;GĂ¶bhardt;;muž;09.18.1981;7768;Freienorla;ThĂĽringen;DE
20001575;Danusia;Knapczik;;žena;09.18.1995;54424;Burtscheid;Rheinland-Pfalz;DE
20009095;Rahn;Chmielowska;;muž;09.18.2005;6536;Rottleberode;Sachsen-Anhalt;DE
20008929;Garcia;Seiptius;;muž;09.18.2007;31582;Nienburg (Weser) Langendamm;Niedersachsen;DE
20006557;Kaltrina;Gundhardt;;žena;09.18.2008;78564;Reichenbach am Heuberg;Baden-WĂĽrttemberg;DE
20009899;Darielle;Radszwill;;žena;09.19.1922;54317;Sommerau;Rheinland-Pfalz;DE
20009359;Marx;BrĂĽdigamm;;muž;09.19.1947;22395;Hamburg PoppenbĂĽttel;Hamburg;DE
20004110;Brianne;Kubatschek;;žena;09.19.1981;23911;Pogeez;Schleswig-Holstein;DE
20000290;Frederike;Linneweever;;žena;09.19.1995;71711;Murr;Baden-WĂĽrttemberg;DE
20003693;Lennet;Gegenhuber;;muž;09.19.2004;21339;LĂĽneburg;Niedersachsen;DE
20009739;Leorand;Wenert;;muž;09.20.1927;19065;Raben Steinfeld;Mecklenburg-Vorpommern;DE
20006518;Kavin;Sutor;;žena;09.20.1936;23923;Niendorf;Mecklenburg-Vorpommern;DE
20000201;Ardan;Manegold;;muž;09.20.1936;14548;Schwielowsee;Brandenburg;DE
20007620;Luh;Grotjan;;žena;09.20.1991;15898;NeiĂźemĂĽnde Coschen;Brandenburg;DE
20001083;Hye-Jin;Liebold;;muž;09.20.2003;93183;KallmĂĽnz;Bayern;DE
20004949;Johnathan;Sauerbier;;muž;09.21.1921;67754;EĂźweiler;Rheinland-Pfalz;DE
20009486;Ryder;HelmstĂ¤dt;;muž;09.21.1928;7929;Saalburg-Ebersdorf;ThĂĽringen;DE
20005761;Bradley;Luettjohann;;muž;09.21.1938;63768;HĂ¶sbach;Bayern;DE
20002964;KirilloviÄŤ;Behren;;muž;09.21.1983;4924;Uebigau-WahrenbrĂĽck;Brandenburg;DE
20002477;Lijam;Scherffius;;muž;09.21.1988;56237;Wittgert;Rheinland-Pfalz;DE
20003284;Henno;Neher;;muž;09.21.1994;15324;Kienitz;Brandenburg;DE
20001676;Baver;Schwarzenberger;;muž;09.22.2000;21493;Grabau;Schleswig-Holstein;DE
20007866;Linde;Reinhardtz;;žena;09.23.1979;98617;Bauerbach;ThĂĽringen;DE
20009074;Enna;Jensson;;žena;09.23.1982;53567;Asbach;Rheinland-Pfalz;DE
20005574;Rivo;Stohldreyer;;muž;09.23.2005;66887;GlanbrĂĽcken;Rheinland-Pfalz;DE
20005850;Carine;Onesseit;;žena;09.23.2008;15518;SteinhĂ¶fel SteinhĂ¶fel;Brandenburg;DE
20004850;Kazungu;Kleinhanns;;muž;09.24.1928;91471;Illesheim;Bayern;DE
20005951;SĂ©bastien;Maritzen;;muž;09.24.1931;47627;Kevelaer;Nordrhein-Westfalen;DE
20005417;Joey-Tyrell;Ewrard;;muž;09.24.1955;88453;Erolzheim;Baden-WĂĽrttemberg;DE
20005580;Hillel;Zielfleisch;;muž;09.24.1967;86343;KĂ¶nigsbrunn;Bayern;DE
20007751;Tim-Lukas;Kohlheim;;muž;09.24.1992;7924;Crispendorf;ThĂĽringen;DE
20000642;Lilith;Wern;;žena;09.24.1997;14552;Wildenbruch;Brandenburg;DE
20005837;Fortunato;Clasvogt;;muž;09.24.2008;21379;LĂĽdersburg;Niedersachsen;DE
20004967;Labros;Andries;;muž;09.25.1929;38875;Sorge;Sachsen-Anhalt;DE
20003551;Ezel;Bouwmann;;muž;09.25.1957;70327;Stuttgart UntertĂĽrkheim;Baden-WĂĽrttemberg;DE
20007723;Aise;StĂĽmpert;;žena;09.25.1965;40474;DĂĽsseldorf;Nordrhein-Westfalen;DE
20000159;Amena;GĂ¶nnawein;;žena;09.25.1991;19246;Zarrentin;Mecklenburg-Vorpommern;DE
20006753;Kurosch;Rheinholz;;muž;09.26.1934;75050;Gemmingen;Baden-WĂĽrttemberg;DE
20003959;Deutcha;Heit;;žena;09.26.1939;26689;Apen;Niedersachsen;DE
20004587;Mirwais;Schultenjohann;;muž;09.26.1947;33039;Nieheim;Nordrhein-Westfalen;DE
20000480;Fahim;MĂ¶nchmeier;;muž;09.27.1924;37619;Hehlen;Niedersachsen;DE
20000075;Jorida;Bertels;;žena;09.27.1941;56283;Gondershausen;Rheinland-Pfalz;DE
20006985;Yoke;FrĂĽhaber;;žena;09.27.1951;37318;Gerbershausen;ThĂĽringen;DE
20005956;Kahlo;Allerdt;;muž;09.27.1972;45770;Marl;Nordrhein-Westfalen;DE
20002472;Dwayne;HĂ¶flmair;;muž;09.27.1982;32105;Bad Salzuflen;Nordrhein-Westfalen;DE
20006177;Rurik;Rademacker;;muž;09.27.1991;38368;Querenhorst;Niedersachsen;DE
20006483;Phileas;NeukĂ¶ther;;muž;09.27.1995;6528;Holdenstedt;Sachsen-Anhalt;DE
20007183;Kean;PĂ¤tzolt;;muž;09.27.2003;24977;Langballig;Schleswig-Holstein;DE
20009053;Finnick;Sondersorge;;muž;09.27.2009;17111;Sanzkow;Mecklenburg-Vorpommern;DE
20002178;Jussuf;Zuerner;;muž;09.28.1920;18442;Steinhagen;Mecklenburg-Vorpommern;DE
20006609;Mia-Valentina;Klingler;;žena;09.28.1944;55481;Todenroth;Rheinland-Pfalz;DE
20004117;Andreevna;Biedenbender;;žena;09.28.1957;54636;LieĂźem;Rheinland-Pfalz;DE
20008648;Afra;Freybote;;žena;09.28.1966;2692;Doberschau-GauĂźig;Sachsen;DE
20000266;Mohamed;Lemmermaier;;muž;09.28.1968;22159;Hamburg Bramfeld;Hamburg;DE
20007897;Codin;Schoon;;muž;09.28.1975;6449;Wilsleben;Sachsen-Anhalt;DE
20008510;Maddox-Maliq;Predigkeit;;muž;09.28.2006;87488;Betzigau;Bayern;DE
20002738;Conor;WeinekĂ¶tter;;muž;09.29.1940;83059;Kolbermoor;Bayern;DE
20002457;Ardita;Helmschmied;;žena;09.29.1965;58456;Witten;Nordrhein-Westfalen;DE
20002547;Radmir;Garten;;muž;09.29.1994;74243;Langenbrettach;Baden-WĂĽrttemberg;DE
20001231;Lorchen;Dittlein;;žena;09.30.1922;67149;Meckenheim;Rheinland-Pfalz;DE
20009712;Siraphathr;Hoeffelmann;;muž;09.30.1927;24235;Wendtorf;Schleswig-Holstein;DE
20008235;Tiwatope;Kirmayer;;žena;09.30.1970;54570;Weidenbach;Rheinland-Pfalz;DE
20009075;Jamelle;HĂ¤nsli;;muž;09.30.1973;57539;Breitscheidt;Rheinland-Pfalz;DE
20004221;Banoo;Halfmeier;;žena;09.30.1979;66871;Ehweiler;Rheinland-Pfalz;DE
20005974;Sa'd;Burgfried;;muž;09.30.2009;41239;MĂ¶nchengladbach;Nordrhein-Westfalen;DE
20004027;Tuan;Alpay;;muž;09.31.1921;23847;SiebenbĂ¤umen;Schleswig-Holstein;DE
20002242;Lani;Mazurek;;žena;09.31.1973;23795;Fahrenkrug;Schleswig-Holstein;DE
20008647;Sonne;Baraniok;;žena;09.31.1991;56630;Kretz;Rheinland-Pfalz;DE
20006794;Matties;Klinkmann;;muž;09.32.1950;40699;Erkrath;Nordrhein-Westfalen;DE
20000463;Jesse-Daniel;Rudolf;;muž;09.32.1954;4936;ProĂźmarke;Brandenburg;DE
20002265;Olia;BĂ¶mers;;žena;09.32.1964;21129;Hamburg Finkenwerder;Hamburg;DE
20007809;Ajlina;Altin;;žena;09.32.1970;89155;Erbach;Baden-WĂĽrttemberg;DE
20006228;Radko;Wlodorczyk;;muž;09.32.1973;87674;Ruderatshofen;Bayern;DE
20004594;Rym;Schlaegel;;žena;09.33.1944;86579;Waidhofen;Bayern;DE
20007790;Tim-Lukas;Zweiphenning;;muž;09.33.1946;17036;Neubrandenburg;Mecklenburg-Vorpommern;DE
20003629;Inno;Eberty;;muž;09.33.1954;55469;Pleizenhausen;Rheinland-Pfalz;DE
20004572;Nafissa;Sadowske;;žena;09.33.1959;99192;Neudietendorf;ThĂĽringen;DE
20007208;Lavel;Stemmeler;;muž;09.33.1965;14641;Markee;Brandenburg;DE
20000251;Nursel;Ruprecht;;žena;09.33.1967;29649;Wietzendorf;Niedersachsen;DE
20009800;Hany;Ryborz;;žena;09.33.1999;39319;Wulkow;Sachsen-Anhalt;DE
20003881;Annas;Kristophson;;žena;09.34.1938;6766;Wolfen;Sachsen-Anhalt;DE
20008313;Hippolyte;Carlsohn;;muž;09.34.1966;67063;Ludwigshafen am Rhein;Rheinland-Pfalz;DE
20003307;Hinata;Koolen;;žena;09.34.1982;23992;ZĂĽsow;Mecklenburg-Vorpommern;DE
20007480;Titania;Karakus;;žena;09.34.1989;16928;Hoppenrade;Brandenburg;DE
20006746;Nektaria;Brambring;;žena;09.34.2000;56307;DĂĽrrholz;Rheinland-Pfalz;DE
20004876;Leya-Hope;MĂ¤rtel;;žena;09.34.2001;84558;Kirchweidach;Bayern;DE
20002291;Mylo;Seibald;;muž;09.34.2002;77791;Berghaupten;Baden-WĂĽrttemberg;DE
20001044;Martine;FrĂ¶schle;;žena;09.34.2004;55469;Altweidelbach;Rheinland-Pfalz;DE
20007488;Tahra;KaragĂĽn;;žena;09.35.1951;22049;Hamburg Wandsbek;Hamburg;DE
20007493;Frederika;DrĂĽgemĂĽller;;žena;09.35.1955;45731;Waltrop;Nordrhein-Westfalen;DE
20003846;Odiase;Adrion;;muž;09.35.1993;25462;Rellingen;Schleswig-Holstein;DE
20008285;Rinchen;Truckenbrod;;žena;09.36.1936;57647;Nistertal;Rheinland-Pfalz;DE
20003529;Qi;Degenhardt;;muž;09.36.1967;96279;Weidhausen bei Coburg;Bayern;DE
20007762;Agron;SchĂ¶nrok;;muž;09.36.1996;76879;Essingen;Rheinland-Pfalz;DE
20007276;Muaaz;Reinkensmeyer;;muž;09.37.1937;92284;Poppenricht;Bayern;DE
20001980;Ankov;Wodarzek;;muž;09.37.1951;97785;Mittelsinn;Bayern;DE
20003698;Sumitha;Oetgen;;žena;09.37.1961;94379;Sankt Englmar;Bayern;DE
20001377;Libertas;Semmel;;žena;09.37.1980;3185;Tauer;Brandenburg;DE
20004169;Osmat;Seiferlin;;muž;09.37.1998;86558;Hohenwart;Bayern;DE
20003901;Ornella;HĂ¶velmeyer;;žena;09.37.2009;77794;Lautenbach;Baden-WĂĽrttemberg;DE
20000974;Araf;Kearns;;muž;09.38.1972;24816;Stafstedt;Schleswig-Holstein;DE
20004198;Adlanovitsch;SĂ¤dler;;muž;09.38.1983;6242;Braunsbedra;Sachsen-Anhalt;DE
20008733;Caley;Weispflug;;žena;09.39.1946;20357;Hamburg;Hamburg;DE
20000359;Mirosz;Falkenberg;;muž;09.39.1947;56759;Leienkaul;Rheinland-Pfalz;DE
20001821;Siba;LangnĂ¤s;;žena;09.39.1972;39343;Uhrsleben;Sachsen-Anhalt;DE
20006421;Orla;NeukĂ¤ufer;;muž;09.39.1978;59889;Eslohe;Nordrhein-Westfalen;DE
20004541;Agnieszka;PfannmĂ¶ller;;žena;09.39.1982;19246;Camin;Mecklenburg-Vorpommern;DE
20009188;Tina;WĂĽrst;;žena;09.39.1993;96272;Hochstadt am Main;Bayern;DE
20005063;Lilly-Sophie;Woern;;žena;09.39.1999;45894;Gelsenkirchen;Nordrhein-Westfalen;DE
20007956;Ahlija;Lauerer;;žena;09.40.1932;22851;Norderstedt;Schleswig-Holstein;DE
20006425;Iliyanova;Kurpjuhn;;žena;09.40.1956;23898;Klinkrade;Schleswig-Holstein;DE
20006521;Nelli;Kaufers;;muž;09.40.1957;15518;SteinhĂ¶fel Heinersdorf;Brandenburg;DE
20001919;Lillianna;Kuhhirte;;žena;09.40.1967;67308;Zell-Zellertal;Rheinland-Pfalz;DE
20004031;Fredi;Mickolay;;muž;09.40.1971;6712;GeuĂźnitz;Sachsen-Anhalt;DE
20004793;Nilan;Schoenlein;;žena;09.40.1974;26427;Neuharlingersiel;Niedersachsen;DE
20004195;Zomaia;Schuharth;;žena;09.41.1939;18184;Broderstorf;Mecklenburg-Vorpommern;DE
20003054;Serin;FĂĽchter;;žena;09.41.1960;85238;Petershausen;Bayern;DE
20000071;Firat;Kaenzler;;muž;09.41.1989;75387;Neubulach;Baden-WĂĽrttemberg;DE
20009421;Ĺžerif;Jachdhuber;;muž;09.41.1995;78479;Reichenau;Baden-WĂĽrttemberg;DE
20005082;Cash;Schirmacher;;muž;09.42.1923;6731;Bitterfeld-Wolfen;Sachsen-Anhalt;DE
20006823;Helia;Theuerkauf;;žena;09.42.1928;55491;BĂĽchenbeuren;Rheinland-Pfalz;DE
20006707;Abdalrahman;SchĂ¶nekehs;;muž;09.42.1937;10369;Berlin;Berlin;DE
20006726;Pietje;Endters;;žena;09.42.1951;98739;Piesau;ThĂĽringen;DE
20000491;TĂĽlay;Schmedeke;;žena;09.42.1954;17094;GroĂź Nemerow;Mecklenburg-Vorpommern;DE
20002679;Serhat;Tkadletschek;;muž;09.42.1976;6686;SĂ¶ssen;Sachsen-Anhalt;DE
20003402;Kainaat;Papenmeyer;;žena;09.42.1995;84508;Burgkirchen an der Alz;Bayern;DE
20000157;Faissal;Fingerhut;;muž;09.43.1972;15230;Frankfurt (Oder);Brandenburg;DE
20009167;Kader;Klinkers;;žena;09.43.2001;53547;Hausen (Wied);Rheinland-Pfalz;DE
20004986;Yulgun;Werneken;;žena;09.44.1929;17440;Zemitz;Mecklenburg-Vorpommern;DE
20003258;OlegoviÄŤ;Hirschmiller;;muž;09.44.1963;22457;Hamburg Schnelsen;Hamburg;DE
20008534;Benel;Volg;;muž;09.44.1970;39579;SchĂ¤plitz;Sachsen-Anhalt;DE
20008746;Sava;Ă–lschleger;;žena;09.44.1991;84166;Adlkofen;Bayern;DE
20004884;Kaid;GreuĂźlich;;muž;09.44.2001;4626;GĂ¶llnitz;ThĂĽringen;DE
20007095;Ervin;Sprungk;;muž;09.45.1921;83564;Soyen;Bayern;DE
20007764;Duha;Dolejs;;žena;09.45.1966;83329;Waging am See;Bayern;DE
20005226;Lukia;Dayi;;žena;09.45.1969;99441;Mechelroda;ThĂĽringen;DE
20000258;MahĂ©;Karabay;;muž;09.45.1983;56288;Bubach;Rheinland-Pfalz;DE
20007394;AbigĂ©l;Naegeler;;žena;09.46.1922;54310;Menningen;Rheinland-Pfalz;DE
20000014;Nikola;Mart;;žena;09.46.1935;31715;Meerbeck Volksdorf;Niedersachsen;DE
20006514;LĂ©an;Theinert;;muž;09.46.1942;15859;Philadelphia;Brandenburg;DE
20008394;Ruha;Gelzenleuchter;;muž;09.46.1943;88138;WeiĂźensberg;Bayern;DE
20006495;Lorentina;Westerholt;;žena;09.46.1952;6628;Bad KĂ¶sen;Sachsen-Anhalt;DE
20007440;Hubert;Borchmann;;muž;09.46.1987;53572;Unkel;Rheinland-Pfalz;DE
20000692;Benji;Buchbender;;muž;09.46.2004;22395;Hamburg;Hamburg;DE
20009388;Felina;Glogger;;žena;09.47.1934;89168;Niederstotzingen;Baden-WĂĽrttemberg;DE
20006967;Nassibe;Hemmerle;;žena;09.47.1945;88276;Berg;Baden-WĂĽrttemberg;DE
20001116;Elaine;Ruepp;;žena;09.47.1951;56761;Kaifenheim;Rheinland-Pfalz;DE
20006783;Maylo;Appelmann;;muž;09.47.1964;76870;Kandel;Rheinland-Pfalz;DE
20009460;Klaudia;Ahrnsen;;žena;09.47.1979;27755;Delmenhorst;Niedersachsen;DE
20001013;Ibryamova;Holzhacker;;žena;09.48.1941;21710;Engelschoff;Niedersachsen;DE
20008009;Deven;Wehdeking;;muž;09.48.1953;21077;Hamburg Langenbek;Hamburg;DE
20000812;Atira;Beyreuther;;žena;09.48.1954;91622;RĂĽgland;Bayern;DE
20005783;Isidore;Walrafen;;muž;09.48.1962;31749;Auetal Poggenhagen;Niedersachsen;DE
20009466;Joram;FrĂ¤drich;;muž;09.48.1994;84384;Wittibreut;Bayern;DE
20003053;Kona;Kosfeld;;muž;09.49.1938;39307;Kade;Sachsen-Anhalt;DE
20005482;Mark-Leon;Kurthals;;muž;09.49.1945;25596;Bokelrehm;Schleswig-Holstein;DE
20000662;Pau;Yildirimer;;muž;09.49.1946;86672;Thierhaupten;Bayern;DE
20005339;Faiza;Saurbier;;žena;09.49.1951;64409;Messel;Hessen;DE
20004302;Emanuel;Engelbracht;;muž;09.49.1956;4651;Eulatal;Sachsen;DE
20007870;Nias;Schaarschmitt;;muž;09.49.1997;25551;Silzen;Schleswig-Holstein;DE
20010001;Betim;Brinksmeyer;;muž;09.50.1928;18528;Parchtitz;Mecklenburg-Vorpommern;DE
20002874;Burcu;PĂ¤fgen;;žena;09.50.1937;94359;Loitzendorf;Bayern;DE
20001416;Thaovy;Wolffgram;;žena;09.50.1944;16928;Kuhbier;Brandenburg;DE
20002910;Zoey-Isabella;Rudkoffsky;;žena;09.50.1958;91287;Plech;Bayern;DE
20007340;Roger;Groenegraes;;muž;09.51.1930;17348;Lindetal;Mecklenburg-Vorpommern;DE
20005869;Armen;Sonner;;muž;09.51.1933;45892;Gelsenkirchen;Nordrhein-Westfalen;DE
20000592;Juwin-Oliver;Ohnezeit;;muž;09.51.1933;56179;Vallendar;Rheinland-Pfalz;DE
20004912;Anna-Sophie;HaĂźtenteufel;;žena;09.51.1934;26340;Zetel Neuenburg;Niedersachsen;DE
20005536;Josefina;Weide;;žena;09.51.1956;65835;Liederbach am Taunus;Hessen;DE
20002593;Umma;Kubetzka;;žena;09.51.1963;25557;OldenbĂĽttel;Schleswig-Holstein;DE
20000248;Cloud;Merten;;muž;09.51.1998;16833;Fehrbellin Betzin;Brandenburg;DE
20005012;Fabrizijo;Lukoschek;;muž;09.52.1927;54668;Kaschenbach;Rheinland-Pfalz;DE
20004950;Faruk;Ayoub;;muž;09.52.1937;95697;Nagel;Bayern;DE
20009153;Timothy-Tailor;Theisl;;muž;09.52.1940;63843;Niedernberg;Bayern;DE
20008701;Oya;Denzlinger;;žena;09.52.1959;21514;Siebeneichen;Schleswig-Holstein;DE
20007370;Stin;Kording;;žena;09.52.1973;15890;EisenhĂĽttenstadt Diehlo;Brandenburg;DE
20002456;Onur;Kayrys;;muž;09.52.1974;72175;Dornhan;Baden-WĂĽrttemberg;DE
20009183;Nalia;BĂ¶lĂĽkbasi;;žena;09.52.1996;36160;Dipperz;Hessen;DE
20003406;Natanel;Boyaci;;muž;09.53.1924;66620;Nonnweiler;Saarland;DE
20000050;Mathias-LucĂˇs;Littfinski;;muž;09.53.1928;84085;Langquaid;Bayern;DE
20002065;Polka;Taylan;;žena;09.53.1942;80798;MĂĽnchen;Bayern;DE
20000352;Minilik;Jedamzik;;muž;09.53.1954;78583;BĂ¶ttingen;Baden-WĂĽrttemberg;DE
20009784;Irmtraut;Weberchen;;žena;09.53.1961;25355;Heede;Schleswig-Holstein;DE
20003211;Amaru;Engberding;;muž;09.53.1962;2627;KubschĂĽtz;Sachsen;DE
20006695;Merci;Moshammer;;žena;09.53.1973;26736;KrummhĂ¶rn Grimersum;Niedersachsen;DE
20001888;Elian;Wietekind;;muž;09.53.1990;71711;Steinheim an der Murr;Baden-WĂĽrttemberg;DE
20008409;Raees;Mann;;muž;09.53.1994;4617;Tegkwitz;ThĂĽringen;DE
20002060;Malu;Osterheider;;muž;09.54.1931;17213;GrĂĽssow;Mecklenburg-Vorpommern;DE
20007217;Rafael;Korthen;;muž;09.54.1999;99869;Seebergen;ThĂĽringen;DE
20002951;Viyan;Bartschies;;žena;09.55.1931;85567;Grafing bei MĂĽnchen;Bayern;DE
20004456;Daher;JĂ¶hren;;muž;09.55.1938;1909;Frankenthal;Sachsen;DE
20003969;BĂĽnyamin-Emin;Born;;muž;09.55.1940;25868;Norderstapel;Schleswig-Holstein;DE
20004771;Ella-Cataleya;Bassler;;žena;09.55.1958;1108;Dresden;Sachsen;DE
20003900;Aniele;Czarnezki;;žena;09.55.1960;67655;Kaiserslautern;Rheinland-Pfalz;DE
20007115;Faro;Weckebrod;;muž;09.55.1978;77723;Gengenbach;Baden-WĂĽrttemberg;DE
20009322;Kaan;Dielschneider;;muž;09.55.1989;39435;GroĂź BĂ¶rnecke;Sachsen-Anhalt;DE
20008818;Thyron;Simonides;;muž;09.55.1989;21035;Hamburg AllermĂ¶he;Hamburg;DE
20003458;Hussain;Siebener;;muž;09.55.2002;18442;Wendorf;Mecklenburg-Vorpommern;DE
20002384;Oriana;Fichtner;;žena;09.56.1922;12529;SchĂ¶nefeld;Brandenburg;DE
20002380;Halema;Kaiser;;žena;09.56.1949;24594;Jahrsdorf;Schleswig-Holstein;DE
20001516;HaydĂ©e;Siber;;žena;09.56.1949;6922;Labrun;Sachsen-Anhalt;DE
20004817;Ciana;Haens;;žena;09.56.1955;32289;RĂ¶dinghausen;Nordrhein-Westfalen;DE
20008995;Habibi;HĂ¤rdtlein;;muž;09.56.1959;16348;Ruhlsdorf;Brandenburg;DE
20002734;Joulina;Rosengard;;žena;09.56.1964;24558;Wakendorf II;Schleswig-Holstein;DE
20004672;Kameyo;Senkpiehl;;muž;09.56.1974;15848;Friedland Klein Muckrow;Brandenburg;DE
20002405;Clarissa;Ayan;;žena;09.56.1993;3238;Lindthal;Brandenburg;DE
20003506;Waleed;Zimmerlin;;muž;09.56.2003;26452;Sande;Niedersachsen;DE
20004824;Tháşż;Kohlhase;;muž;09.57.1933;21775;Odisheim;Niedersachsen;DE
20007568;MichĂ¨le;Balser;;žena;09.57.1940;77880;Sasbach;Baden-WĂĽrttemberg;DE
20002977;Elfi;Adomeid;;žena;09.57.1952;54349;Trittenheim;Rheinland-Pfalz;DE
20009669;Frankie;Knodel;;muž;09.57.1966;15913;Mochow;Brandenburg;DE
20002329;Vladimirov;Tielke;;muž;09.57.1973;24351;Thumby;Schleswig-Holstein;DE
20001869;Arnas;ThewiĂźen;;muž;09.58.1922;16303;Schwedt/Oder;Brandenburg;DE
20003290;Simone;Mathissen;;žena;09.58.1927;14715;Bamme;Brandenburg;DE
20005511;Rewan;Rehfus;;muž;09.58.1955;25436;Tornesch;Schleswig-Holstein;DE
20009461;Haydar-Alp;Ditgens;;muž;09.58.1958;42275;Wuppertal;Nordrhein-Westfalen;DE
20005011;Syyeda;Stockbrinck;;žena;09.58.1972;39365;Harbke;Sachsen-Anhalt;DE
20000591;Jurie;Rolfing;;žena;09.58.1982;87737;Boos;Bayern;DE
20001292;Renata;Topfer;;žena;09.58.1990;54614;Winringen;Rheinland-Pfalz;DE
20004197;Hiltrud;Yesil;;žena;09.59.1954;31558;Hagenburg Altenhagen;Niedersachsen;DE
20006597;Luk;Schoemakers;;muž;09.59.1961;56754;MĂ¶ntenich;Rheinland-Pfalz;DE
20000553;Lala;Korbjuhn;;žena;09.59.1980;96277;Schneckenlohe;Bayern;DE
20001481;Ciwan;Knoelle;;muž;09.59.1985;91235;Velden;Bayern;DE
20007746;Rado;Folke;;muž;10.00.1925;39435;Wolmirsleben;Sachsen-Anhalt;DE
20006744;Julie-Marie;Nowakovski;;žena;10.00.1959;70439;Stuttgart Stammheim;Baden-WĂĽrttemberg;DE
20008026;John-Batu;Jansens;;muž;10.00.2007;56244;Niedersayn;Rheinland-Pfalz;DE
20006673;Romane;StĂ¤ublin;;žena;10.13.1940;26603;Aurich;Niedersachsen;DE
20007747;Loris;GĂ¶ttgens;;žena;10.13.1957;30179;Hannover;Niedersachsen;DE
20004441;Tahirou;Pribil;;muž;10.13.1979;85120;Hepberg;Bayern;DE
20000758;Eireen;Klinglmayr;;žena;10.13.2007;57614;Steimel;Rheinland-Pfalz;DE
20000292;Chirion;Tismer;;muž;10.14.1920;1945;Guteborn;Brandenburg;DE
20004340;Benja;Abt;;muž;10.14.1955;86507;Kleinaitingen;Bayern;DE
20006649;Siyuan;Schnitzker;;muž;10.14.1956;23847;Kastorf;Schleswig-Holstein;DE
20004971;Roxane;TĂ¶nsing;;žena;10.14.1959;17168;Levitzow;Mecklenburg-Vorpommern;DE
20001186;Quyhn-Malia;Nolden;;žena;10.14.1969;76593;Gernsbach;Baden-WĂĽrttemberg;DE
20003352;Peach;Fehres;;žena;10.14.1980;39517;WeiĂźewarte;Sachsen-Anhalt;DE
20002694;Ngurah;Schlie;;muž;10.14.1983;19071;BrĂĽsewitz;Mecklenburg-Vorpommern;DE
20009631;Iven;Seitzmayer;;muž;10.14.1994;22767;Hamburg Altona-Altstadt;Hamburg;DE
20006391;Runeas;Kuehnhanss;;muž;10.14.1996;54597;Lierfeld;Rheinland-Pfalz;DE
20007682;Kudret;Smetana;;žena;10.14.2000;6785;Oranienbaum;Sachsen-Anhalt;DE
20003601;Alisher;Andriesen;;muž;10.15.1948;22929;Delingsdorf;Schleswig-Holstein;DE
20001390;Enrik;Papenmeier;;muž;10.15.1973;13587;Berlin;Berlin;DE
20005253;Linus;Darge;;muž;10.15.1977;21649;Regesbostel;Niedersachsen;DE
20001908;Merdan;Langnickel;;muž;10.15.1982;20097;Hamburg;Hamburg;DE
20003411;Marti;Fielandt;;muž;10.16.1940;22929;KĂ¶thel;Schleswig-Holstein;DE
20003912;Nicol;Kerstings;;muž;10.16.1953;85402;Kranzberg;Bayern;DE
20006817;Agutu;Hillbrands;;žena;10.16.1955;23936;PlĂĽschow;Mecklenburg-Vorpommern;DE
20003088;Aid;GĂ¶nĂĽltas;;muž;10.16.1988;66636;Tholey;Saarland;DE
20000325;Ilan;Klockgiesser;;muž;10.17.1941;79691;Neuenweg;Baden-WĂĽrttemberg;DE
20006780;Almatuly;Jakubenko;;muž;10.17.1942;49832;Andervenne;Niedersachsen;DE
20009611;Ainu;Conrady;;žena;10.17.1948;25693;Sankt Michaelisdonn;Schleswig-Holstein;DE
20005372;Melisa;Langenmantel;;žena;10.17.1959;55576;Welgesheim;Rheinland-Pfalz;DE
20008527;Louis-Henri;Poljack;;muž;10.17.1971;37355;Kleinbartloff;ThĂĽringen;DE
20003296;Theo-Maximilian;HopfenmĂĽller;;muž;10.17.1990;96106;Ebern;Bayern;DE
20009447;Samina;Weberlein;;žena;10.17.1996;18334;Breesen;Mecklenburg-Vorpommern;DE
20001503;Deva;Geffers;;žena;10.18.1937;67724;Gehrweiler;Rheinland-Pfalz;DE
20003133;Nilay-Nicole;Meineke;;žena;10.18.1967;51063;KĂ¶ln;Nordrhein-Westfalen;DE
20001721;Mirie;Hardwig;;žena;10.18.1998;24241;Schierensee;Schleswig-Holstein;DE
20002234;Xuri;Habrom;;žena;10.18.2008;38729;Lutter am Barenberge;Niedersachsen;DE
20008947;Maurus;von Daniels;;muž;10.19.1926;6542;Katharinenrieth;Sachsen-Anhalt;DE
20004324;Makarius;Kleinbauer;;muž;10.19.1937;53229;Bonn;Nordrhein-Westfalen;DE
20000429;Erasmus;Nikolaizik;;muž;10.19.1937;95463;Bindlach;Bayern;DE
20006236;Paco;Klingenstein;;muž;10.19.1944;83101;Rohrdorf;Bayern;DE
20009973;Marea;Haitzmann;;žena;10.19.1961;3149;Wiesengrund;Brandenburg;DE
20002506;FedoroviÄŤ;Stahl;;muž;10.19.1987;47179;Duisburg;Nordrhein-Westfalen;DE
20008442;Dusko;Paulukuhn;;muž;10.19.1997;16921;Alt KrĂĽssow;Brandenburg;DE
20002778;Lorentzo;Balz;;muž;10.19.1998;47661;Issum;Nordrhein-Westfalen;DE
20005690;Hannah-Tabea;Rupertus;;žena;10.20.1941;66887;Rathsweiler;Rheinland-Pfalz;DE
20003162;Su;Lembcke;;muž;10.20.1949;29392;Wesendorf;Niedersachsen;DE
20009813;Rahul;Berenzen;;muž;10.20.1955;17495;Karlsburg;Mecklenburg-Vorpommern;DE
20002718;Inna;Braucks;;žena;10.20.1971;68305;Mannheim;Baden-WĂĽrttemberg;DE
20009245;Sheila;Kuefner;;žena;10.20.1990;26759;Hinte Suurhusen;Niedersachsen;DE
20009323;NoĂ¨lie;Vrabac;;žena;10.20.1994;91456;Diespeck;Bayern;DE
20007357;Mevila;Neddermann;;žena;10.20.2004;54675;Roth an der Our;Rheinland-Pfalz;DE
20009617;ValĂ©ria;Wilhelmer;;žena;10.21.1945;19336;Bad Wilsnack;Brandenburg;DE
20005153;Klilya;Spring;;žena;10.21.1953;92549;Stadlern;Bayern;DE
20004292;Nico;Friesse;;žena;10.21.1953;77749;Hohberg;Baden-WĂĽrttemberg;DE
20007190;Jolien;Zellmeier;;žena;10.21.1956;29588;Oetzen;Niedersachsen;DE
20003051;Nalani;Jannick;;žena;10.21.1965;7616;Rauschwitz;ThĂĽringen;DE
20007500;Kito;Pruessner;;muž;10.21.1976;23896;Poggensee;Schleswig-Holstein;DE
20003750;Taro;Suur;;muž;10.21.1989;3205;Laasow;Brandenburg;DE
20002646;Neria;GĂ¶fert;;žena;10.21.1999;99826;Frankenroda;ThĂĽringen;DE
20009704;Josia;Schnabel;;muž;10.22.1950;31715;Meerbeck Meerbeck;Niedersachsen;DE
20008645;Elifyaren;GrĂ¤bner;;žena;10.22.1962;4209;Leipzig;Sachsen;DE
20008571;Dean-Liam;Salcan;;muž;10.22.1966;67822;Mannweiler-CĂ¶lln;Rheinland-Pfalz;DE
20001286;Abdimalik;Bartholmae;;muž;10.22.1998;88339;Bad Waldsee;Baden-WĂĽrttemberg;DE
20006458;Alana;Baernt;;žena;10.22.2003;26736;KrummhĂ¶rn Pewsum;Niedersachsen;DE
20001658;Maurin;Lauerer;;muž;10.22.2006;39444;Hecklingen;Sachsen-Anhalt;DE
20001119;Mahmoud-Salaheldeen;KumpfmĂĽhler;;muž;10.23.1921;98749;Siegmundsburg;ThĂĽringen;DE
20009584;Zeynab;Altmann;;žena;10.23.1928;31033;BrĂĽggen;Niedersachsen;DE
20005387;Leevi;Holtz;;muž;10.23.1939;2953;Gablenz;Sachsen;DE
20004892;Maya;Koopers;;žena;10.23.1939;84144;Geisenhausen;Bayern;DE
20000906;Ellan;Feldle;;muž;10.23.1969;55487;Laufersweiler;Rheinland-Pfalz;DE
20009328;Keke;Radszun;;muž;10.23.1970;39439;GĂĽsten;Sachsen-Anhalt;DE
20006879;Oghogho;Clausius;;žena;10.24.1934;53533;Antweiler;Rheinland-Pfalz;DE
20004101;Gerhart;Horeischy;;muž;10.24.1946;34329;Nieste;Hessen;DE
20009909;Melvin;BietendĂĽbel;;muž;10.24.1950;16562;Bergfelde;Brandenburg;DE
20007729;Princess;Lafferentz;;žena;10.24.1967;3202;Luckow-Petershagen;Brandenburg;DE
20006734;Estrella;RĂĽchhardt;;žena;10.25.1928;17268;Mittenwalde;Brandenburg;DE
20009457;Ates;Breitung;;muž;10.25.1930;17375;Meiersberg;Mecklenburg-Vorpommern;DE
20008801;Constanze;Boskamp;;žena;10.25.1955;1156;Dresden Gompitz;Sachsen;DE
20002361;Pipi;Szemetat;;žena;10.25.1970;91284;Neuhaus an der Pegnitz;Bayern;DE
20004938;Maxym-Victor;Arici;;muž;10.25.1992;22869;Schenefeld;Schleswig-Holstein;DE
20009548;Holy;Kayapinar;;žena;10.25.1998;39444;Hecklingen;Sachsen-Anhalt;DE
20004794;Lucijana;Vogtlaender;;žena;10.26.1921;24217;SchĂ¶nberg (Holstein);Schleswig-Holstein;DE
20000756;Julian;TasyĂĽrek;;muž;10.26.1978;23795;GroĂź RĂ¶nnau;Schleswig-Holstein;DE
20001776;Hesham;Nickell;;žena;10.27.1920;25597;Breitenberg;Schleswig-Holstein;DE
20002631;Nitcheu;Yoldas;;žena;10.27.1927;7381;PĂ¶Ăźneck;ThĂĽringen;DE
20006925;Niklas;Mevs;;muž;10.27.1931;91586;Lichtenau;Bayern;DE
20000090;Yannes;Bauerschmitt;;muž;10.27.1939;75015;Bretten;Baden-WĂĽrttemberg;DE
20008573;Jessica;Rautenstock;;žena;10.27.1966;24594;MĂ¶rel;Schleswig-Holstein;DE
20002057;Saad;Roprecht;;muž;10.27.1972;67294;Orbis;Rheinland-Pfalz;DE
20000268;Ehigie;GĂĽloglu;;muž;10.27.1980;27386;HemsbĂĽnde;Niedersachsen;DE
20009837;Castro;Ivanova;;muž;10.27.1984;4157;Leipzig;Sachsen;DE
20002341;Rafaela;Altschuh;;žena;10.28.1939;3249;Breitenau;Brandenburg;DE
20007676;Kendal;Kirch;;muž;10.28.1944;36154;Hosenfeld;Hessen;DE
20004533;LounĂ¨s;Jerger;;muž;10.28.1948;14624;Dallgow-DĂ¶beritz;Brandenburg;DE
20005349;Crispiniano;Mezger;;muž;10.28.1960;15232;Frankfurt (Oder);Brandenburg;DE
20003121;NhĆ°;Cloppenburg;;žena;10.28.1975;17091;Altenhagen;Mecklenburg-Vorpommern;DE
20005029;Yasser;Mainke;;muž;10.29.1945;38381;Jerxheim;Niedersachsen;DE
20008017;Muadh;Bouwmann;;muž;10.29.1961;25836;PoppenbĂĽll;Schleswig-Holstein;DE
20005341;Thao-Alea;HĂĽther;;žena;10.29.1967;15806;Telz;Brandenburg;DE
20002756;Tara;Wegmueller;;žena;10.29.1968;17348;Neu KĂ¤belich;Mecklenburg-Vorpommern;DE
20001991;Shams;Niels;;žena;10.29.1975;54636;Scharfbillig;Rheinland-Pfalz;DE
20002491;Jantje;Hutfiltz;;žena;10.29.1982;29456;Hitzacker Hitzacker;Niedersachsen;DE
20000979;Ngoc;Holzapfel;;muž;10.29.1987;25920;Stedesand;Schleswig-Holstein;DE
20006160;Artyom;Theinert;;muž;10.29.2004;26316;Varel Obenstrohe;Niedersachsen;DE
20004496;Khulud;Schmidlin;;muž;10.29.2006;56767;Kolverath;Rheinland-Pfalz;DE
20008814;Armanda;Dedrichs;;žena;10.30.1921;17121;GĂ¶rmin;Mecklenburg-Vorpommern;DE
20002797;EyĂĽb;Waldkirch;;muž;10.30.1922;49549;Ladbergen;Nordrhein-Westfalen;DE
20006037;Fayola;Lederhaas;;žena;10.30.1957;86157;Augsburg;Bayern;DE
20004657;Madoc;Krol;;muž;10.30.1964;94428;Eichendorf;Bayern;DE
20008220;Friede;GrĂ¶we;;žena;10.30.1965;38379;Wolsdorf;Niedersachsen;DE
20008693;Fausto;Erlemeier;;muž;10.30.1985;77978;Schuttertal;Baden-WĂĽrttemberg;DE
20001726;Bradney;Schwerzel;;muž;10.31.1924;12277;Berlin;Berlin;DE
20006132;Aristotelis;BaldĂźun;;muž;10.31.1934;67166;Otterstadt;Rheinland-Pfalz;DE
20006871;Gwyneth;DĂĽffel;;žena;10.31.1935;21077;Hamburg Marmstorf;Hamburg;DE
20005104;Abram;Baierschmitt;;muž;10.31.1942;86748;Marktoffingen;Bayern;DE
20002561;Yildiz;Niegel;;žena;10.31.1943;39249;Gnadau;Sachsen-Anhalt;DE
20005609;Vivian;Hansert;;žena;10.31.1948;21109;Hamburg;Hamburg;DE
20006078;Emmy;PoggenklaĂź;;žena;10.31.1960;67677;Enkenbach-Alsenborn;Rheinland-Pfalz;DE
20001362;Haynes;Ludweig;;žena;10.31.1976;6786;Rehsen;Sachsen-Anhalt;DE
20001041;Enyang;Pekmez;;žena;10.31.1988;88149;Nonnenhorn;Bayern;DE
20006225;Walburga;Davidsson;;žena;10.31.1998;26844;Jemgum;Niedersachsen;DE
20005047;Amewuga;Strittmatter;;muž;10.32.1926;57539;Breitscheidt;Rheinland-Pfalz;DE
20008241;Idir;Dovnar;;muž;10.32.1943;88267;Vogt;Baden-WĂĽrttemberg;DE
20005805;Emira;WeyhermĂĽller;;žena;10.32.2005;86926;Greifenberg;Bayern;DE
20001017;Sine;Baldschun;;žena;10.33.1935;16515;Zehlendorf;Brandenburg;DE
20003481;Slobodan;Berchtold;;muž;10.33.1954;73101;Aichelberg;Baden-WĂĽrttemberg;DE
20009514;Nihat;Pelzing;;muž;10.33.1962;16909;Wittstock/Dosse KĂ¶nigsberg;Brandenburg;DE
20002048;Chihiro;Straessner;;žena;10.33.1984;32694;DĂ¶rentrup;Nordrhein-Westfalen;DE
20007812;Hussam;Astemer;;muž;10.33.1991;1279;Dresden Tolkewitz;Sachsen;DE
20000886;Henni;Fessenbecker;;žena;10.33.1998;34396;Liebenau;Hessen;DE
20006916;Ata;Lameyer;;muž;10.33.2008;35410;Hungen;Hessen;DE
20004535;Berfin;Rohlwink;;žena;10.34.1943;7607;Heideland;ThĂĽringen;DE
20008240;Fath;Kallweit;;muž;10.34.1968;6179;Schkopau Hohenweiden;Sachsen-Anhalt;DE
20000826;Emilie;Engelbrecht;;žena;10.34.1969;56242;Selters;Rheinland-Pfalz;DE
20003897;Julia-Marie;Balzereit;;žena;10.34.1986;6917;Jessen (Elster) Ruhlsdorf;Sachsen-Anhalt;DE
20009606;Duana;von Olszewski;;žena;10.35.1937;71154;Nufringen;Baden-WĂĽrttemberg;DE
20000420;May;Lemkens;;žena;10.35.1937;75050;Gemmingen;Baden-WĂĽrttemberg;DE
20008061;Pania;Teihs;;žena;10.35.1954;3130;Wolfshain;Brandenburg;DE
20002847;Äá»©c;Basdemir;;muž;10.35.1956;8064;Zwickau;Sachsen;DE
20000621;Lam;Vavrinek;;muž;10.35.1960;93080;Pentling;Bayern;DE
20006718;Yassmine;KĂ¤mmler;;žena;10.35.1961;51105;KĂ¶ln;Nordrhein-Westfalen;DE
20002058;Ferra;Stienker;;žena;10.35.1962;92696;FlossenbĂĽrg;Bayern;DE
20002183;Gianini;GlĂ¶ser;;žena;10.35.1972;17375;Hintersee;Mecklenburg-Vorpommern;DE
20009858;Khaira;BartelmĂ¤s;;žena;10.35.1990;21077;Hamburg Marmstorf;Hamburg;DE
20007423;Eazy;Weddekind;;muž;10.35.1996;18230;Rerik;Mecklenburg-Vorpommern;DE
20005089;Fiorentina;Meibohm;;žena;10.36.1945;54636;LieĂźem;Rheinland-Pfalz;DE
20008910;Arved-Joshua;HirschmĂĽller;;muž;10.36.1957;78559;Gosheim;Baden-WĂĽrttemberg;DE
20006146;Saddik;Schoenijahn;;muž;10.36.1962;54424;Etgert;Rheinland-Pfalz;DE
20000153;Evrim;Setzer;;muž;10.36.1988;54552;HĂ¶rscheid;Rheinland-Pfalz;DE
20008721;Ortrud;BĂ¶s;;žena;10.36.2004;33647;Bielefeld;Nordrhein-Westfalen;DE
20004189;Conni;Krajewska;;žena;10.37.1922;99735;Kleinfurra;ThĂĽringen;DE
20001252;KjĂ¦rulff;Hirte;;žena;10.37.1926;58579;SchalksmĂĽhle;Nordrhein-Westfalen;DE
20001872;Latoya;Hoferichter;;žena;10.37.1929;95517;Seybothenreuth;Bayern;DE
20008620;Decker;Fronzke;;žena;10.37.1963;55127;Mainz;Rheinland-Pfalz;DE
20008951;ZĹ­lĂł;KrĂ¤ft;;žena;10.37.1996;26452;Sande Dykhausen;Niedersachsen;DE
20006558;Ilektra;Berwardt;;žena;10.37.1996;16945;Halenbeck-Rohlsdorf;Brandenburg;DE
20009730;RenesmĂ©e;Yosef;;žena;10.38.1927;21335;LĂĽneburg;Niedersachsen;DE
20002610;Samir;Sebode;;žena;10.38.1928;54597;Habscheid;Rheinland-Pfalz;DE
20000476;Assad;Steiner;;muž;10.38.1937;20249;Hamburg;Hamburg;DE
20007932;Gum-Seok;Clausen;;muž;10.38.1949;56288;Michelbach;Rheinland-Pfalz;DE
20001396;Hayet;Sanner;;žena;10.38.1978;23847;Kastorf;Schleswig-Holstein;DE
20006799;Atreus;Jungnickl;;muž;10.38.1996;6528;GroĂźleinungen;Sachsen-Anhalt;DE
20003941;Ellena;Kauffel;;žena;10.38.2000;21698;Harsefeld;Niedersachsen;DE
